policy_name,month,trade_count,long_count,short_count,active_symbol_count,no_cost_net_pnl,net_pnl,fee_total,slippage_total,cost_drag,win_rate,profit_factor,avg_win,avg_loss,avg_trade_net_pnl,median_trade_net_pnl,max_drawdown,max_ddpercent,return_drawdown_ratio,sharpe_like,avg_holding_minutes,median_holding_minutes,top_5pct_trade_pnl_contribution,best_trade,worst_trade,largest_symbol_pnl_share,portfolio_turnover,max_concurrent_positions
v3_1d_donchian_20_10_atr4,2023-02,4,3,1,3,-0.20725999999999986,-0.21038816999999985,0.00260817,0.0005200000000000001,0.0031281699999999857,0.0,0.0,,-0.05259704249999996,-0.05259704249999996,-0.03131193499999999,0.2103881700004422,0.0042077634000088435,-0.9999999999978975,-2.0199807171129587,22320.0,26640.0,0.039592625383832215,-0.008329820000000002,-0.1394344799999999,0.6627486707071029,5.21634,3
v3_1d_donchian_20_10_atr4,2023-03,5,2,3,3,-1.0273700000000001,-1.033861985,0.006291985000000002,0.0002,0.006491984999999811,0.0,0.0,,-0.206772397,-0.206772397,-0.2470156400000001,1.0338619849999304,0.020677239699998608,-1.0000000000000673,-2.7536793476238173,11232.0,5760.0,0.009195327943119986,-0.009506699999999995,-0.409292645,0.6348122810609,12.58397,3
v3_1d_donchian_20_10_atr4,2023-04,1,1,0,1,-0.0019900000000000074,-0.0021048650000000074,7.486500000000001e-05,4e-05,0.00011486500000000002,0.0,0.0,,-0.0021048650000000074,-0.0021048650000000074,-0.0021048650000000074,0.002104864999637357,4.209729999274714e-05,-1.0000000001722915,,43200.0,43200.0,1.0,-0.0021048650000000074,-0.0021048650000000074,1.0,0.14973,1
v3_1d_donchian_20_10_atr4,2023-05,1,1,0,1,0.024330000000000154,0.022509735000000156,0.001780265,4e-05,0.001820264999999998,1.0,,0.022509735000000156,,0.022509735000000156,0.022509735000000156,0.0,0.0,,,102240.0,102240.0,1.0,0.022509735000000156,0.022509735000000156,1.0,3.56053,1
v3_1d_donchian_20_10_atr4,2023-06,5,2,3,4,-0.06639999999999979,-0.07216894999999982,0.0048489499999999994,0.00092,0.005768950000000023,0.4,0.6522238097877033,0.06767327500000003,-0.0691718333333333,-0.014433789999999964,-0.021648205000000004,0.2075155000002269,0.004150205143652213,-0.34777619021191625,-0.39416835078413825,44352.0,15840.0,-1.7504302057879515,0.12632671000000006,-0.11271334999999988,0.9333574442791486,9.697899999999999,3
v3_1d_donchian_20_10_atr4,2023-08,4,3,1,3,-0.17800999999999992,-0.18449074499999993,0.005960745,0.0005200000000000001,0.00648074500000001,0.5,0.228107965289893,0.027260165,-0.11950553749999997,-0.04612268624999998,-0.023260994999999996,0.2390110749993255,0.004780218077565477,-0.7718920347122851,-1.0266061088481013,54720.0,59760.0,-0.27611441972333095,0.050940555,-0.18890930999999994,1.0,11.92149,3
v3_1d_donchian_20_10_atr4,2023-09,2,0,2,2,-0.10925999999999994,-0.11102540999999992,0.00168541,8e-05,0.0017654099999999812,0.5,0.0062863067206257615,0.0007023549999999952,-0.11172776499999992,-0.05551270499999996,-0.05551270499999996,0.11172776500006876,0.002234554986111202,-0.993713693278762,-1.396544276480657,36720.0,36720.0,-0.00632607436441798,0.0007023549999999952,-0.11172776499999992,1.0,3.3708199999999997,2
v3_1d_donchian_20_10_atr4,2023-10,5,2,3,3,-0.3429500000000001,-0.35011114500000007,0.004281145,0.00288,0.00716114499999998,0.0,0.0,,-0.07002222900000002,-0.07002222900000002,-0.05661499999999995,0.3501111449995733,0.007002222899991466,-1.000000000001219,-3.885698537044009,19296.0,15840.0,0.05341595166871936,-0.01870152,-0.13733885500000007,0.6446190537579147,8.56229,2
v3_1d_donchian_20_10_atr4,2023-12,1,1,0,1,0.2495,0.24673325,0.00076675,0.002,0.0027667500000000123,1.0,,0.24673325,,0.24673325,0.24673325,0.0,0.0,,,80640.0,80640.0,1.0,0.24673325,0.24673325,1.0,1.5334999999999999,1
v3_1d_donchian_20_10_atr4,2024-01,4,3,1,3,0.6786100000000004,0.6694463750000004,0.008643625,0.0005200000000000001,0.009163625000000009,0.75,2.5841871285240634,0.36400891333333346,-0.4225803649999999,0.1673615937500001,0.04578849499999998,0.4225803649997033,0.008449761826821762,1.584187128525175,0.6462070245872477,84960.0,87840.0,1.4944434496340349,1.0004497500000002,-0.4225803649999999,0.8632048907576803,17.28725,3
v3_1d_donchian_20_10_atr4,2024-02,2,1,1,2,-0.016900000000000113,-0.01994885000000011,0.00100885,0.00204,0.003048849999999999,0.5,0.3530662212997781,0.010887149999999995,-0.030836000000000106,-0.009974425000000056,-0.009974425000000056,0.03083599999990838,0.0006167199999981677,-0.6469337787021463,-0.6761698055814724,46800.0,46800.0,-0.5457532639726066,0.010887149999999995,-0.030836000000000106,1.0,2.0177,2
v3_1d_donchian_20_10_atr4,2024-03,1,1,0,1,0.15646000000000004,0.15320068000000003,0.0032193200000000003,4e-05,0.00325932000000001,1.0,,0.15320068000000003,,0.15320068000000003,0.15320068000000003,0.0,0.0,,,31680.0,31680.0,1.0,0.15320068000000003,0.15320068000000003,1.0,6.43864,1
v3_1d_donchian_20_10_atr4,2024-04,1,1,0,1,0.5835,0.58035825,0.00114175,0.002,0.0031417500000000542,1.0,,0.58035825,,0.58035825,0.58035825,0.0,0.0,,,106560.0,106560.0,1.0,0.58035825,0.58035825,1.0,2.2835,1
v3_1d_donchian_20_10_atr4,2024-05,3,1,2,2,0.21909000000000023,0.20717480500000018,0.011795195000000001,0.00012000000000000002,0.011915195000000045,0.3333333333333333,1.1566832956826065,1.5294268299999996,-0.6611260124999997,0.0690582683333334,-0.012434859999999985,1.3222520250001253,0.02643695382270652,0.15668329568259165,0.10306547444924913,65280.0,48960.0,7.382301289000843,1.5294268299999996,-1.3098171649999995,1.0,23.59039,2
v3_1d_donchian_20_10_atr4,2024-06,5,2,3,3,0.1260000000000003,0.11507734000000029,0.00876266,0.0021600000000000005,0.010922660000000015,0.6,2.2554638294943015,0.06891285166666672,-0.045830607499999926,0.02301546800000006,0.01178705500000001,0.09166121500038571,0.0018332243000077143,1.2554638294890161,0.6853872726774891,27935.4,27359.0,1.2183132665388297,0.1402002499999999,-0.08968112499999986,0.9346233779488538,17.525319999999997,3
v3_1d_donchian_55_20_atr5,2023-03,1,0,1,1,-0.01386,-0.013968930000000001,6.893e-05,4e-05,0.00010893000000000014,0.0,0.0,,-0.013968930000000001,-0.013968930000000001,-0.013968930000000001,0.013968930000373803,0.00027937860000747604,-0.9999999999732405,,17280.0,17280.0,1.0,-0.013968930000000001,-0.013968930000000001,1.0,0.13786,1
v3_1d_donchian_55_20_atr5,2023-04,1,1,0,1,-0.01726,-0.01737846,7.846e-05,4e-05,0.00011845999999999732,0.0,0.0,,-0.01737846,-0.01737846,-0.01737846,0.017378460000145424,0.0003475692000029085,-0.9999999999916319,,7200.0,7200.0,1.0,-0.01737846,-0.01737846,1.0,0.15692,1
v3_1d_donchian_55_20_atr5,2023-05,1,0,1,1,-0.06146000000000001,-0.06204309,0.00018309000000000004,0.0004,0.0005830899999999944,0.0,0.0,,-0.06204309,-0.06204309,-0.06204309,0.06204308999986097,0.0012408617999972193,-1.0000000000022409,,36000.0,36000.0,1.0,-0.06204309,-0.06204309,1.0,0.36618000000000006,1
v3_1d_donchian_55_20_atr5,2023-06,2,1,1,1,-0.90127,-0.9069014950000001,0.005551495,8e-05,0.005631495000000042,0.0,0.0,,-0.45345074750000003,-0.45345074750000003,-0.45345074750000003,0.9069014950000565,0.01813802990000113,-0.9999999999999378,-17.92860198284938,43920.0,43920.0,0.46055984834383795,-0.4176824149999999,-0.48921908000000014,1.0,11.10299,1
v3_1d_donchian_55_20_atr5,2023-07,2,0,2,2,-0.3305699999999999,-0.3325206749999999,0.0018706749999999998,8e-05,0.0019506749999999573,0.0,0.0,,-0.16626033749999994,-0.16626033749999994,-0.16626033749999994,0.33252067499961413,0.006650413499992282,-1.00000000000116,-1.4564909606486123,50400.0,50400.0,0.014513443412202884,-0.004826020000000005,-0.3276946549999999,0.9854865565877972,3.7413499999999997,2
v3_1d_donchian_55_20_atr5,2023-08,2,2,0,2,-0.42851000000000006,-0.43166862500000003,0.0030786249999999998,8e-05,0.0031586249999999705,0.0,0.0,,-0.21583431250000001,-0.21583431250000001,-0.21583431250000001,0.43166862500038405,0.008633372500007681,-0.9999999999991104,-1.4376584232241019,63360.0,63360.0,0.0081538355955335,-0.003519755000000002,-0.42814887,0.9918461644044665,6.1572499999999994,2
v3_1d_donchian_55_20_atr5,2023-09,1,0,1,1,0.06759000000000015,0.06584340500000015,0.0017065950000000002,4e-05,0.0017465950000000036,1.0,,0.06584340500000015,,0.06584340500000015,0.06584340500000015,0.0,0.0,,,61920.0,61920.0,1.0,0.06584340500000015,0.06584340500000015,1.0,3.41319,1
v3_1d_donchian_55_20_atr5,2023-10,2,0,2,2,-0.05557999999999994,-0.05902616999999994,0.0030061700000000003,0.00044,0.0034461699999999984,0.0,0.0,,-0.02951308499999997,-0.02951308499999997,-0.02951308499999997,0.059026169999924605,0.0011805233999984922,-1.0000000000012763,-2.1302161882216852,48240.0,48240.0,0.16805867634643987,-0.009919859999999928,-0.049106310000000014,0.8319413236535602,6.01234,2
v3_1d_donchian_55_20_atr5,2024-01,1,1,0,1,0.8329500000000001,0.829405315,0.0035046850000000004,4e-05,0.0035446850000000474,1.0,,0.829405315,,0.829405315,0.829405315,0.0,0.0,,,132480.0,132480.0,1.0,0.829405315,0.829405315,1.0,7.0093700000000005,1
v3_1d_donchian_55_20_atr5,2024-04,1,1,0,1,0.0666,0.06644456000000001,0.00011544000000000002,4e-05,0.0001554399999999928,1.0,,0.06644456000000001,,0.06644456000000001,0.06644456000000001,0.0,0.0,,,282240.0,282240.0,1.0,0.06644456000000001,0.06644456000000001,1.0,0.23088000000000003,1
v3_1d_donchian_55_20_atr5,2024-05,4,2,2,3,0.2575300000000009,0.24440984500000096,0.012600155,0.0005200000000000001,0.013120154999999967,0.5,1.1754069358627668,0.8188987100000001,-0.6966937874999997,0.06110246125000024,0.33312086250000006,1.3933875750008156,0.02785862614281202,0.17540693586266398,0.13510183268116374,119880.0,81360.0,3.924231591407443,0.9591208350000002,-1.3809527149999994,1.0,25.20031,3
v3_1d_donchian_55_20_atr5,2024-06,1,1,0,1,-0.50879,-0.5125422550000001,0.003712255,4e-05,0.003752255000000093,0.0,0.0,,-0.5125422550000001,-0.5125422550000001,-0.5125422550000001,0.5125422549999712,0.010250845099999423,-1.0000000000000564,,21600.0,21600.0,1.0,-0.5125422550000001,-0.5125422550000001,1.0,7.42451,1
v3_1d_ema_50_200_atr5,2023-02,2,2,0,2,0.23624999999999988,0.23477556499999985,0.001394435,8e-05,0.001474435000000024,1.0,,0.11738778249999993,,0.11738778249999993,0.11738778249999993,0.0,0.0,,1.5248704018550254,60480.0,60480.0,0.9637159855200434,0.22625696499999987,0.008518600000000001,0.9637159855200434,2.7888699999999997,2
v3_1d_ema_50_200_atr5,2023-03,8,8,0,4,0.4917999999999997,0.4824035799999996,0.00799642,0.0014000000000000002,0.009396420000000072,0.375,6.32904074774812,0.19097570333333322,-0.018104706000000005,0.06030044749999995,-0.0034640825000000113,0.09052352999970026,0.001810263170224714,5.329040747765768,0.9171279420579052,20340.0,8640.0,1.1401865011034955,0.5500300499999997,-0.04474523500000008,0.9921836240895402,15.992840000000001,3
v3_1d_ema_50_200_atr5,2023-04,4,4,0,4,0.08177999999999987,0.07643896999999986,0.00286103,0.0024800000000000004,0.0053410300000000105,0.25,2.149829772057164,0.14291747999999982,-0.02215950333333332,0.019109742499999964,-0.002903594999999996,0.0664785099997971,0.0013295701999959419,1.149829772060673,0.5077380032959989,24480.0,16560.0,1.8696939532283086,0.14291747999999982,-0.06067131999999998,1.0,5.722060000000001,2
v3_1d_ema_50_200_atr5,2023-05,8,8,0,3,0.053099999999999814,0.04009660999999984,0.011603390000000002,0.0014000000000000002,0.013003389999999976,0.125,1.1176904579354512,0.38079211499999993,-0.04867078642857144,0.00501207624999998,-0.01747341499999995,0.20443350999994436,0.004088470249174758,0.19613521286217095,0.09577256281600689,14400.0,5040.0,9.496865570431053,0.38079211499999993,-0.12113434000000003,1.0,23.206780000000002,3
v3_1d_ema_50_200_atr5,2023-06,5,4,1,4,-0.1738599999999998,-0.1811129799999998,0.006692979999999999,0.0005600000000000001,0.00725298000000002,0.0,0.0,,-0.03622259599999996,-0.03622259599999996,-0.016978064999999917,0.18111297999985254,0.003622259599997051,-1.0000000000008131,-2.385912562211106,8640.0,4320.0,0.010496707635200962,-0.0019010899999999972,-0.08194864000000017,0.5462154341450303,13.38596,2
v3_1d_ema_50_200_atr5,2023-07,4,3,1,3,0.2026499999999998,0.19221628499999982,0.008313715,0.0021200000000000004,0.010433714999999982,0.5,4.486615351979089,0.12367302499999995,-0.027564882500000047,0.048054071249999955,0.01744000999999989,0.05512976499994693,0.0011025407581786387,3.486615351982452,1.0193514789097833,37800.0,45360.0,1.0485677631320371,0.20155179999999998,-0.044215534999999945,0.806310969479489,16.627430000000004,3
v3_1d_ema_50_200_atr5,2023-08,4,4,0,4,-0.006829999999999942,-0.012442644999999941,0.005092645,0.0005200000000000001,0.0056126449999999994,0.25,0.7495996004909954,0.03724835000000001,-0.016563664999999984,-0.0031106612499999854,-0.012623612500000051,0.04148890000033134,0.0008297780000066267,-0.2999029860975001,-0.25921932744434956,27360.0,21600.0,-2.993603851914138,0.03724835000000001,-0.02444376999999985,1.0,10.18529,3
v3_1d_ema_50_200_atr5,2023-09,3,1,2,3,-0.12191999999999975,-0.12644720999999973,0.004407210000000001,0.00012000000000000002,0.004527209999999976,0.0,0.0,,-0.04214906999999991,-0.04214906999999991,-0.046820234999999884,0.12644721000015124,0.002528944200003025,-0.9999999999988017,-2.761008609239095,19200.0,23040.0,0.060764092778322405,-0.00768345,-0.07194352499999986,0.5689609521633573,8.81442,2
v3_1d_ema_50_200_atr5,2023-10,1,0,1,1,0.04850000000000007,0.04583375000000007,0.0006662500000000001,0.002,0.002666250000000002,1.0,,0.04583375000000007,,0.04583375000000007,0.04583375000000007,0.0,0.0,,,97920.0,97920.0,1.0,0.04583375000000007,0.04583375000000007,1.0,1.3325,1
v3_1d_ema_50_200_atr5,2024-01,6,6,0,5,1.6440100000000006,1.6340325850000004,0.007417415,0.00256,0.009977415000000267,0.5,17.649780332232943,0.5773913250000001,-0.03271379666666662,0.27233876416666675,0.027252425000000004,0.09814138999990973,0.001962148043642936,16.64978033224823,1.6261516023842164,78240.0,77760.0,0.6122581392708274,1.0004497500000002,-0.06980799999999998,0.5811508449788433,14.834830000000002,3
v3_1d_ema_50_200_atr5,2024-03,1,1,0,1,0.038000000000000006,0.03779388000000001,0.00016612,4e-05,0.00020611999999999714,1.0,,0.03779388000000001,,0.03779388000000001,0.03779388000000001,0.0,0.0,,,69120.0,69120.0,1.0,0.03779388000000001,0.03779388000000001,1.0,0.33224,1
v3_1d_ema_50_200_atr5,2024-04,7,7,0,4,1.7081000000000008,1.6823991800000013,0.022740820000000002,0.0029600000000000004,0.025700819999999513,0.2857142857142857,2.6238253163852514,1.3592353550000005,-0.20721430599999996,0.2403427400000002,-0.06224935000000001,0.5856130100000883,0.01170694989898604,2.872885593849337,0.7600851867578633,39908.57142857143,20160.0,1.2809551000851054,2.1550778100000008,-0.45045852,0.8081653693906898,45.48164,3
v3_1d_ema_50_200_atr5,2024-05,5,5,0,3,-0.4097900000000004,-0.4316113950000004,0.017341395000000003,0.0044800000000000005,0.02182139500000002,0.0,0.0,,-0.08632227900000009,-0.08632227900000009,-0.0794965999999999,0.43161139499989076,0.008632227899997815,-1.000000000000254,-5.287434694095075,2304.0,1440.0,0.0823518572766135,-0.03554400000000008,-0.14835199499999988,0.5606242045578985,34.68279,2
v3_1d_ema_50_200_atr5,2024-06,11,10,1,4,-0.7717499999999994,-0.8073274149999993,0.034417415,0.0011600000000000004,0.03557741499999989,0.18181818181818182,0.22444957326553966,0.116823025,-0.11566371833333323,-0.0733934013636363,-0.04677883500000002,1.0356617100005678,0.0207122883348604,-0.7795281096175282,-1.825598423678071,11127.181818181818,2880.0,-0.18307807619787086,0.14780395,-0.33363629999999883,0.6963591159604073,68.83483,3
v3_4h_donchian_100_30_atr5,2023-01,2,2,0,2,0.00607000000000002,0.005298135000000021,0.00033186500000000004,0.00044,0.0007718649999999992,0.5,2.6811897493828276,0.008449555000000015,-0.003151419999999994,0.0026490675000000103,0.0026490675000000103,0.003151419999994687,6.302829348768726e-05,1.681189749385659,0.6458676423562331,5400.0,5400.0,1.5948168553651392,0.008449555000000015,-0.003151419999999994,1.0,0.66373,1
v3_4h_donchian_100_30_atr5,2023-02,6,4,2,3,-0.35800999999999983,-0.3658656649999999,0.0072556650000000006,0.0006000000000000001,0.007855665000000067,0.0,0.0,,-0.060977610833333314,-0.060977610833333314,-0.0519106124999999,0.3658656649995464,0.007317313299990929,-1.0000000000012395,-2.974254086522438,11160.0,8520.0,0.02041288842996515,-0.007468375000000004,-0.1435151150000001,0.8652134930453231,14.51133,3
v3_4h_donchian_100_30_atr5,2023-03,4,1,3,4,-0.23797000000000024,-0.24360511500000023,0.003155115000000001,0.0024800000000000004,0.005635114999999996,0.0,0.0,,-0.06090127875000006,-0.06090127875000006,-0.057777157500000044,0.2436051149998093,0.004872102299996186,-1.0000000000007838,-2.641751638718347,8640.0,6720.0,0.02021849992763903,-0.004925330000000002,-0.12312547000000014,0.5054305612589457,6.310230000000001,3
v3_4h_donchian_100_30_atr5,2023-04,6,5,1,4,0.04136000000000016,0.03211297000000013,0.005967030000000001,0.003280000000000001,0.009247030000000031,0.3333333333333333,1.0996614199259565,0.17716682250000015,-0.08055516875000004,0.005352161666666688,-0.019650590000000044,0.28291949499998736,0.0056580334071574855,0.11350568118326934,0.09735410265436735,22160.0,12360.0,6.545512451822403,0.21019584500000013,-0.17918360000000005,0.5932144688094746,11.93406,3
v3_4h_donchian_100_30_atr5,2023-05,1,0,1,1,0.0012600000000000033,0.0011526000000000032,6.74e-05,4e-05,0.00010740000000000012,1.0,,0.0011526000000000032,,0.0011526000000000032,0.0011526000000000032,0.0,0.0,,,26640.0,26640.0,1.0,0.0011526000000000032,0.0011526000000000032,1.0,0.1348,1
v3_4h_donchian_100_30_atr5,2023-06,5,2,3,4,0.019179999999999867,0.013804209999999862,0.00285579,0.00252,0.005375790000000005,0.6,1.1336483762196823,0.039030578333333336,-0.05164376250000008,0.0027608419999999726,0.006392415,0.09923728000012488,0.0019847456000024978,0.13910306691177438,0.09624020785167409,28848.0,16080.0,7.475947192921657,0.10319954500000003,-0.09923728000000015,0.9129351090471297,5.71158,3
v3_4h_donchian_100_30_atr5,2023-07,6,6,0,4,-0.35878000000000004,-0.36474169000000006,0.0053616900000000006,0.0006000000000000001,0.0059616900000000195,0.16666666666666666,0.0023117899344574366,0.0008451600000000009,-0.07311737000000001,-0.060790281666666675,-0.0043216875,0.3655868499999997,0.007311736999999994,-0.9976882100655436,-1.6764077847255194,13160.0,6360.0,-0.0023171466908540146,0.0008451600000000009,-0.2345657100000001,0.6431009024496213,10.72338,3
v3_4h_donchian_100_30_atr5,2023-08,3,0,3,3,0.1477799999999999,0.1422380199999999,0.00346198,0.0020800000000000003,0.005541980000000002,0.6666666666666666,836.4656093979542,0.07120413499999996,-0.00017024999999999788,0.0474126733333333,0.004044025,0.00017024999942805152,3.40490301129156e-06,835.465612204659,1.2764520741827956,12480.0,10320.0,0.972765544683482,0.1383642449999999,-0.00017024999999999788,0.9716025972368036,6.923960000000001,3
v3_4h_donchian_100_30_atr5,2023-09,3,1,2,3,-0.1200800000000001,-0.1250488400000001,0.00448884,0.00048,0.004968840000000002,0.0,0.0,,-0.0416829466666667,-0.0416829466666667,-0.05019034999999997,0.12504884000009042,0.0025009768000018085,-0.9999999999992778,-2.9089301767723112,7680.0,7200.0,0.06348395554888785,-0.007938594999999994,-0.06691989500000015,0.5351500661661482,8.97768,2
v3_4h_donchian_100_30_atr5,2023-10,5,3,2,4,-0.12948999999999994,-0.1361194149999999,0.004109415000000001,0.00252,0.006629414999999972,0.2,0.052219735011697986,0.007499755000000001,-0.035904792499999984,-0.027223882999999983,-0.028099249999999965,0.14361917000042013,0.002872379091580512,-0.9477802649855289,-2.5436977001744463,12864.0,11520.0,-0.05509687945690926,0.007499755000000001,-0.05474845499999996,1.0,8.21883,3
v3_4h_donchian_100_30_atr5,2023-11,4,4,0,4,0.5301900000000002,0.5246105050000001,0.0030994950000000003,0.00248,0.005579495000000101,0.75,7.297901901877868,0.20263658500000004,-0.08329925000000002,0.13115262625000002,0.15330605250000007,0.08329924999998184,0.0016657824709168812,6.297901901879242,1.6841058958939914,30660.0,37560.0,0.5743263757175431,0.30129765000000003,-0.08329925000000002,0.49562891123535263,6.198989999999999,3
v3_4h_donchian_100_30_atr5,2023-12,4,4,0,3,-0.0841900000000001,-0.0897483750000001,0.003438375,0.0021200000000000004,0.005558375000000004,0.25,0.02805690437287642,0.0025907500000000878,-0.030779708333333395,-0.022437093750000026,-0.014150607499999992,0.08974837500045396,0.0017949675000090792,-0.9999999999949429,-1.7949708327061669,10380.0,11760.0,-0.02886681792288813,0.0025907500000000878,-0.0640379100000002,1.0,6.87675,3
v3_4h_donchian_100_30_atr5,2024-01,6,3,3,4,-0.7134799999999996,-0.7299663499999997,0.013566350000000001,0.0029200000000000007,0.016486350000000094,0.16666666666666666,0.15619493882044594,0.13512249999999984,-0.1730177699999999,-0.12166105833333328,-0.11744674499999982,0.8650888499996654,0.017301309440756328,-0.84380506117988,-1.9226492477431532,12960.0,11280.0,-0.18510784777955847,0.13512249999999984,-0.3667278449999996,1.0,27.1327,3
v3_4h_donchian_100_30_atr5,2024-02,2,2,0,2,-0.08166999999999991,-0.0832955649999999,0.001185565,0.00044,0.0016255649999999955,0.5,0.207518368143016,0.021811684999999997,-0.1051072499999999,-0.04164778249999995,-0.04164778249999995,0.10510725000040111,0.0021021450000080224,-0.792481631853959,-0.9281335185213275,17640.0,17640.0,-0.261858899690518,0.021811684999999997,-0.1051072499999999,1.0,2.37113,2
v3_4h_donchian_100_30_atr5,2024-03,3,3,0,3,3.5139899999999997,3.5023396849999995,0.009570315,0.0020800000000000003,0.011650315000000244,1.0,,1.1674465616666665,,1.1674465616666665,1.1326178399999998,0.0,0.0,,3.6677856347036624,46160.0,53520.0,0.5309015578824418,1.859397595,0.5103242499999999,0.5309015578824416,19.14063,3
v3_4h_donchian_100_30_atr5,2024-04,3,0,3,3,-0.7179800000000003,-0.7245691500000002,0.00450915,0.0020800000000000003,0.0065891499999999326,0.0,0.0,,-0.24152305000000007,-0.24152305000000007,-0.35635699999999987,0.7245691500002067,0.014491383000004134,-0.999999999999715,-2.4914966643131913,11520.0,11520.0,0.005678091594156325,-0.004114169999999995,-0.3640979800000004,0.5025027355912134,9.0183,3
v3_4h_donchian_100_30_atr5,2024-05,3,1,2,2,-1.0857300000000003,-1.1022952150000003,0.014485215000000001,0.0020800000000000003,0.016565214999999966,0.0,0.0,,-0.3674317383333334,-0.3674317383333334,-0.3528790300000006,1.1022952149996854,0.02204590429999371,-1.0000000000002855,-3.2194234091399907,6720.0,5280.0,0.12059450879499634,-0.1329307499999999,-0.6164854349999997,0.8794054912050037,28.97043,2
v3_4h_donchian_100_30_atr5,2024-06,5,2,3,3,0.5385399999999998,0.5277228199999999,0.00865718,0.0021600000000000005,0.01081717999999987,1.0,,0.10554456399999998,,0.10554456399999998,0.05475125000000026,0.0,0.0,,1.8999697594407896,22751.8,20160.0,0.6556336241059268,0.34599282499999967,0.007975150000000007,0.7593836381758136,17.31436,3
v3_4h_donchian_20_10_atr4,2023-01,10,8,2,5,0.4612100000000004,0.44828440500000033,0.009845595,0.0030800000000000003,0.012925595000000067,0.3,2.0811266416428893,0.287643335,-0.05923508571428566,0.04482844050000003,-0.01508012749999984,0.277503594999871,0.0055497708947203,1.6154183696258375,0.6904408057020509,9912.0,4080.0,1.2493082600096237,0.5600454099999999,-0.10871899999999997,0.8554090829469404,19.691190000000002,3
v3_4h_donchian_20_10_atr4,2023-02,12,5,7,5,0.025650000000000242,0.010768385000000234,0.011721615000000001,0.003160000000000001,0.014881615000000008,0.3333333333333333,1.06790415590358,0.04233762625000004,-0.01982276499999999,0.0008973654166666862,-0.003273832500000005,0.08650451500034251,0.0017300903000068502,0.1244835023924196,0.069280676686241,8040.0,6480.0,11.628512074930208,0.12522029500000006,-0.06446949999999999,0.8464326285577245,23.44323,3
v3_4h_donchian_20_10_atr4,2023-03,11,5,6,5,0.6713399999999996,0.6600047699999996,0.007855230000000001,0.0034800000000000005,0.01133523000000003,0.36363636363636365,6.597324040485651,0.19447977749999992,-0.01684490571428573,0.0600004336363636,-0.0033504599999999987,0.06915977999960887,0.0013831955999921775,9.543187818176,1.3454136882564933,8945.454545454546,5280.0,0.7286043932682488,0.48088237499999975,-0.06915978000000012,0.8240111809580785,15.710460000000001,3
v3_4h_donchian_20_10_atr4,2023-04,17,9,8,5,-0.15238000000000013,-0.16930210000000015,0.0101621,0.00676,0.016922100000000023,0.35294117647058826,0.6531519608968411,0.05313566083333335,-0.044374187727272744,-0.009958947058823539,-0.004479920000000009,0.3548743299998023,0.007097279138329475,-0.47707620892188646,-0.6090398897985593,5872.941176470588,4560.0,-0.553217148517354,0.093660825,-0.17918360000000005,0.5804801404156344,20.3242,3
v3_4h_donchian_20_10_atr4,2023-05,18,11,7,4,-0.29045999999999994,-0.3062990199999999,0.01295902,0.0028800000000000006,0.01583901999999998,0.2222222222222222,0.04683197426842667,0.0037623450000000207,-0.022953457142857146,-0.017016612222222217,-0.0055651425000000036,0.30629901999964204,0.0061259803999928406,-1.0000000000011684,-2.4600896156412526,5653.333333333333,4800.0,-0.03957755072151415,0.012122565000000073,-0.11579754000000013,0.6905164437026275,25.918040000000005,3
v3_4h_donchian_20_10_atr4,2023-06,10,3,7,4,-0.1683800000000001,-0.17716539000000012,0.00766539,0.0011200000000000003,0.008785390000000004,0.4,0.1233941328618658,0.006234606249999989,-0.03368396916666668,-0.01771653900000001,-0.0014739524999999975,0.1842525949996343,0.0036850518999926867,-0.9615353857043465,-1.368025788390722,6792.0,6000.0,-0.05599843739231455,0.009920984999999997,-0.13240525500000017,0.6460780639288943,15.33078,3
v3_4h_donchian_20_10_atr4,2023-07,12,8,4,5,0.06141000000000027,0.0494809550000003,0.008409045,0.0035200000000000006,0.011929044999999971,0.4166666666666667,1.1599047563863483,0.07178422500000003,-0.044205738571428566,0.004123412916666691,-0.0005601300000000037,0.15887990500050364,0.0031774843955929824,0.311436207114068,0.16618350451690786,9240.0,6960.0,3.8046071463252686,0.18825559500000016,-0.15879709499999994,0.9784743343544682,16.818089999999998,3
v3_4h_donchian_20_10_atr4,2023-08,12,7,5,4,-0.1335700000000003,-0.15001383500000026,0.010963835,0.0054800000000000005,0.016443834999999962,0.4166666666666667,0.397933988306026,0.01983025199999999,-0.0355950135714286,-0.012501152916666688,-0.004118017500000003,0.22484258500026044,0.004496851700005209,-0.6671949399613356,-1.147855331349179,8380.0,8160.0,-0.4988123262097779,0.07482874999999993,-0.065778,0.6210394859179792,21.927670000000003,3
v3_4h_donchian_20_10_atr4,2023-09,15,9,6,5,-0.2670600000000007,-0.2893222200000007,0.016662220000000002,0.005600000000000002,0.02226222,0.2,0.05346855621447136,0.005447834999999887,-0.025472143750000027,-0.019288148000000047,-0.006898075000000003,0.28932222000003094,0.0057864444000006185,-0.9999999999998954,-3.1465498290444063,6704.0,6480.0,-0.043661354458015444,0.012632199999999955,-0.06260604000000006,0.3987231779156128,33.324439999999996,3
v3_4h_donchian_20_10_atr4,2023-10,10,7,3,5,0.25931000000000015,0.2452867550000002,0.009343245,0.004680000000000001,0.014023244999999962,0.7,9.514536066370445,0.0391563935714286,-0.009602666666666681,0.02452867550000002,0.005897527500000025,0.026120249999621592,0.0005224019772988429,9.390674093990436,1.5471846892990555,8952.0,8880.0,0.6757855718707676,0.16576125,-0.026120250000000046,0.8519704450273768,18.686490000000003,3
v3_4h_donchian_20_10_atr4,2023-11,15,10,5,5,0.7032900000000003,0.6731471750000003,0.019382825000000003,0.01076,0.030142824999999984,0.3333333333333333,2.174107504273808,0.24929477400000005,-0.057332669499999975,0.04487647833333335,-0.01176649999999998,0.5708590000003824,0.01141434009809453,1.179182906811576,0.6846904001068593,9632.0,4080.0,1.3806938059273588,0.9294101350000002,-0.25864938499999984,0.809287942991329,38.76565,3
v3_4h_donchian_20_10_atr4,2023-12,18,9,9,5,-0.21899000000000124,-0.25332347500000124,0.028613475000000003,0.005720000000000001,0.034333475,0.2222222222222222,0.6779708467823596,0.13333104249999994,-0.05618911750000007,-0.014073526388888959,-0.012467395000000022,0.4882572850001452,0.009765032387563112,-0.5188319412375504,-0.600007559373731,6200.0,4200.0,-1.0001574074412123,0.25336335,-0.15144877500000062,0.4202335023233456,57.22695,3
v3_4h_donchian_20_10_atr4,2024-01,15,7,8,5,-0.2912099999999995,-0.32575553499999943,0.027345534999999997,0.007200000000000001,0.034545534999999905,0.2,0.6360175869738102,0.18974016499999988,-0.07458133583333325,-0.021717035666666627,-0.0417643849999998,0.7546300900003189,0.015092601800006378,-0.4316757830314741,-0.676907793547786,6960.0,6000.0,-0.6760826335613916,0.2202376599999997,-0.26771986499999983,1.0,54.69107,3
v3_4h_donchian_20_10_atr4,2024-02,10,8,2,4,0.7943400000000003,0.7734047700000003,0.01517523,0.00576,0.02093522999999997,0.6,5.92462529875335,0.1550755366666667,-0.03926211249999999,0.07734047700000003,0.02045919750000001,0.10910056000011537,0.002181626140662867,7.088916592171318,1.1174324429615636,6432.0,6120.0,0.9331738476347902,0.7217211050000002,-0.05186800000000002,0.9367922786230957,30.350459999999998,3
v3_4h_donchian_20_10_atr4,2024-03,11,7,4,5,-0.3662799999999997,-0.38790718999999996,0.018507190000000003,0.0031200000000000004,0.02162719000000024,0.2727272727272727,0.7510137049362978,0.39001292000000004,-0.19474324375,-0.03526429,-0.023397735000000013,1.538591080000515,0.030764741501525132,-0.2521184446226415,-0.29847653362169585,11410.90909090909,8160.0,-2.627067972109515,1.0190585550000002,-0.5999152549999996,1.0,37.01438,3
v3_4h_donchian_20_10_atr4,2024-04,12,6,6,4,-2.02083,-2.0467490650000006,0.020799065,0.00512,0.02591906500000052,0.25,0.06961936152653493,0.05105199499999998,-0.2444338944444445,-0.1705624220833334,-0.10965207250000007,2.046749064999858,0.04093498129999716,-1.0000000000000697,-2.355406800484228,8380.0,8040.0,-0.06667014160819949,0.13645704999999994,-0.8621097499999999,1.0,41.59813,3
v3_4h_donchian_20_10_atr4,2024-05,18,8,10,5,-0.2837399999999991,-0.3262561299999992,0.032516130000000004,0.010000000000000002,0.042516130000000096,0.3888888888888889,0.6490640294016543,0.08620258642857137,-0.08451583954545443,-0.01812534055555551,-0.001740829999999997,0.9067140299994207,0.018133250630282753,-0.35982252309496926,-0.5882952343995314,6053.333333333333,5880.0,-0.9086652410178483,0.29645760499999974,-0.33761464499999944,0.7514870025814051,65.03226,3
v3_4h_donchian_20_10_atr4,2024-06,19,8,11,5,-0.46747999999999956,-0.5120115799999997,0.03289158,0.01164,0.044531580000000126,0.2631578947368421,0.3155418201808483,0.047208455000000066,-0.0534324182142857,-0.026947977894736824,-0.006518164999999991,0.6167246850000083,0.012334492036558236,-0.8302109392621325,-1.6204496619255475,5759.8421052631575,3840.0,-0.2859932972609731,0.14643188000000043,-0.17769795000000005,1.0,65.78316000000001,3
v3_4h_donchian_55_20_atr4,2023-01,6,5,1,4,0.2582100000000001,0.2518947150000001,0.0033952849999999996,0.0029200000000000007,0.006315285000000004,0.3333333333333333,3.373341017252828,0.17901489250000005,-0.0265337675,0.04198245250000002,-0.0014577325000000015,0.10298365000016929,0.002059673000003386,2.445968025017428,0.7219599213739374,9880.0,7800.0,1.38780295569123,0.3495802300000001,-0.100068185,1.0,6.79057,3
v3_4h_donchian_55_20_atr4,2023-02,6,4,2,3,-0.14606999999999987,-0.15175856499999985,0.0050885650000000015,0.0006000000000000001,0.005688564999999979,0.0,0.0,,-0.02529309416666664,-0.02529309416666664,-0.015095167500000003,0.15175856499990914,0.0030351712999981827,-1.0000000000005977,-2.7473583326164617,6240.0,6120.0,0.03438425369928878,-0.0052181050000000015,-0.06362407999999993,0.7269295476008221,10.177130000000002,3
v3_4h_donchian_55_20_atr4,2023-03,5,1,4,4,-0.1277900000000003,-0.1345626950000003,0.004612695000000001,0.0021600000000000005,0.006772694999999995,0.4,0.18734688323937584,0.015510862499999892,-0.055194806666666686,-0.026912539000000058,-0.0015706699999999993,0.13456269499965856,0.0026912538999931714,-1.0000000000025395,-1.2833182249954598,10512.0,14160.0,-0.21386714943543395,0.028778539999999783,-0.09485396999999997,0.9771649945986651,9.22539,3
v3_4h_donchian_55_20_atr4,2023-04,9,6,3,5,0.35164999999999974,0.34150863499999967,0.006381365,0.0037600000000000003,0.010141365000000069,0.3333333333333333,1.681560590995682,0.2808590899999999,-0.08351143916666669,0.037945403888888854,-0.006861110000000004,0.48586391500066384,0.009715670604180729,0.7028894808941163,0.5156293586635632,15573.333333333334,6000.0,1.5402815949295114,0.5260194649999999,-0.18860889,0.6305718952578522,12.76273,3
v3_4h_donchian_55_20_atr4,2023-05,5,1,4,2,-0.017959999999999997,-0.018996039999999995,0.00047604000000000006,0.0005600000000000001,0.0010360399999999985,0.2,0.044426575408825136,0.000883164999999993,-0.004969801249999997,-0.0037992079999999992,-0.003096355000000004,0.01899604000027466,0.00037992080000549323,-0.9999999999855409,-2.179360783554648,7632.0,9360.0,-0.04649205834479151,0.000883164999999993,-0.01068920999999999,0.5627072800436299,0.95208,2
v3_4h_donchian_55_20_atr4,2023-06,10,5,5,5,-0.27956000000000025,-0.2948505800000002,0.01061058,0.00468,0.015290579999999943,0.4,0.29036211846118165,0.030160960000000007,-0.06924907000000004,-0.02948505800000002,-0.021641172500000028,0.36594972500006406,0.007318994500001282,-0.8057133531114106,-1.487265954946075,15960.0,8640.0,-0.35000624723207246,0.10319954500000003,-0.11161946000000007,0.8022246079913526,21.221159999999998,3
v3_4h_donchian_55_20_atr4,2023-07,7,6,1,3,0.1467000000000001,0.14163782000000014,0.0037021800000000002,0.00136,0.005062179999999972,0.5714285714285714,3.6031389773957727,0.04901205375000004,-0.018136798333333343,0.020233974285714305,0.0012830550000000021,0.054410394999649725,0.0010882078999929945,2.603138977412532,0.7576735858029957,7440.0,4560.0,1.3291336664176276,0.18825559500000016,-0.04818581,1.0,7.40436,3
v3_4h_donchian_55_20_atr4,2023-08,4,0,4,3,0.29837999999999965,0.29268600999999966,0.00357399,0.00212,0.005693989999999982,0.75,234.65532794737507,0.09797954999999987,-0.0012526399999999989,0.07317150249999992,0.03943638749999996,0.0012526399996204418,2.5052799992408838e-05,233.65532801817398,1.6771716276410558,10860.0,10080.0,0.7348006657373202,0.2150658749999997,-0.0012526399999999989,0.7348006657373204,7.1479800000000004,3
v3_4h_donchian_55_20_atr4,2023-09,10,6,4,5,-0.4639500000000006,-0.4830552350000006,0.016385235,0.0027200000000000006,0.019105234999999998,0.0,0.0,,-0.04830552350000006,-0.04830552350000006,-0.048596342500000014,0.4830552350003927,0.009661104700007854,-0.9999999999991882,-3.700489790959417,6648.0,4680.0,0.00536208866466391,-0.0025901850000000642,-0.131768045,0.640902318344609,32.77047,3
v3_4h_donchian_55_20_atr4,2023-10,7,4,3,5,0.07717000000000021,0.06599089500000022,0.008579105,0.0026000000000000003,0.011179104999999995,0.42857142857142855,1.9533521814912984,0.04507024833333334,-0.017304962499999944,0.009427270714285745,-0.009415695000000012,0.062294774999827496,0.001245892918923796,1.0593327450044239,0.5405736356048657,11691.42857142857,10320.0,1.787024482695676,0.11792734500000006,-0.030250709999999962,0.9013117230763119,17.15821,3
v3_4h_donchian_55_20_atr4,2023-11,5,4,1,4,0.41490000000000016,0.4089689600000002,0.0034110399999999997,0.00252,0.005931039999999943,0.6,5.831988062075091,0.16453559500000003,-0.04231891249999995,0.08179379200000005,0.065199045,0.08463782500075467,0.0016925894052921592,4.831988062032001,1.2988874267375305,19488.0,13920.0,0.8327306551577894,0.34056098999999995,-0.06530824999999991,0.7180631555119418,6.8220800000000015,3
v3_4h_donchian_55_20_atr4,2023-12,8,7,1,4,0.05810000000000019,0.04499590000000016,0.008144100000000001,0.004960000000000001,0.013104100000000035,0.375,1.151272172007426,0.11414861666666666,-0.05948998999999996,0.00562448750000002,-0.006505410000000002,0.2844391300004645,0.005688604677367204,0.15819166652607425,0.14779930483302306,10620.0,10200.0,4.062562366793403,0.18279864999999995,-0.20301793499999973,0.9273387150631246,16.2882,3
v3_4h_donchian_55_20_atr4,2024-01,7,2,5,5,-0.32021999999999995,-0.33800064999999996,0.01518065,0.0026000000000000007,0.01778065000000001,0.14285714285714285,0.0984357557024329,0.036904025,-0.062484112499999994,-0.048285807142857136,-0.04084099999999998,0.3749046749999252,0.0074980934999985035,-0.9015642442977468,-2.372615081047465,9942.857142857143,11040.0,-0.10918329594928296,0.036904025,-0.14380988999999977,0.3162889331721693,30.3613,3
v3_4h_donchian_55_20_atr4,2024-02,3,2,1,2,0.01988000000000003,0.018066880000000035,0.0013331200000000001,0.00048,0.0018131199999999945,0.6666666666666666,5.138179985799067,0.011216390000000003,-0.004365899999999972,0.006022293333333345,0.0006210950000000086,0.004365900000266265,8.73180000053253e-05,4.138179985546665,0.9191129302831376,15440.0,10320.0,1.2072745819975532,0.021811684999999997,-0.004365899999999972,1.0,2.66624,2
v3_4h_donchian_55_20_atr4,2024-03,4,3,1,4,4.0892800000000005,4.077252059999999,0.009907939999999999,0.0021200000000000004,0.01202794000000118,0.75,472.2995028947236,1.3619677149999998,-0.008651085,1.0193130149999998,0.9236549274999999,0.008651084999655723,0.00017288042545829664,471.2995029134793,2.457294978253905,39240.0,39000.0,0.5490446156031866,2.2385932900000003,-0.008651085,0.5478821231333911,19.81588,3
v3_4h_donchian_55_20_atr4,2024-04,6,2,4,4,-2.1163600000000007,-2.1330220900000008,0.014462090000000002,0.0022000000000000006,0.016662090000000074,0.16666666666666666,0.0030619003111952317,0.006551159999999995,-0.4279146500000001,-0.3555036816666668,-0.3059735725,2.1330220899999404,0.042660441799998804,-1.0000000000000284,-2.753225989017206,6640.0,7920.0,-0.003071304338906304,0.006551159999999995,-0.8621097499999999,0.40417291224583596,28.924180000000003,3
v3_4h_donchian_55_20_atr4,2024-05,11,6,5,5,-0.2432600000000006,-0.2685765100000004,0.018276510000000003,0.007040000000000001,0.025316509999999792,0.18181818181818182,0.6982657554566529,0.3107664825000001,-0.09890105277777786,-0.0244160463636364,-0.05243950000000015,0.8784848949999287,0.017569697899998574,-0.30572695276681133,-0.36730465104889337,7025.454545454545,5520.0,-2.270892510294364,0.6099083850000002,-0.3071818900000009,1.0,36.553020000000004,3
v3_4h_donchian_55_20_atr4,2024-06,8,2,6,5,-0.1959099999999996,-0.21663293499999964,0.015762935,0.00496,0.020722935000000026,0.5,0.30922960598034605,0.024244422499999974,-0.07840265624999987,-0.027079116874999955,-0.007405347500000022,0.2551088999998683,0.005102138738055064,-0.8491782724950462,-1.0312762126428117,10529.75,9839.5,-0.24597672556114383,0.05328666000000002,-0.20351084999999988,0.6538826979450567,31.52587,3
v3_4h_donchian_55_with_risk_filters,2023-01,2,2,0,2,-0.007809999999999962,-0.008539894999999962,0.00028989500000000003,0.00044,0.0007298950000000004,0.0,0.0,,-0.004269947499999981,-0.004269947499999981,-0.004269947499999981,0.008539894999557873,0.00017079789999115746,-1.0000000000517675,-47.164725090283845,5280.0,5280.0,0.48500771964995054,-0.004141914999999996,-0.004397979999999966,0.5149922803500495,0.57979,1
v3_4h_donchian_55_with_risk_filters,2023-02,1,0,1,1,-0.005110000000000002,-0.0052181050000000015,6.8105e-05,4e-05,0.00010810499999999983,0.0,0.0,,-0.0052181050000000015,-0.0052181050000000015,-0.0052181050000000015,0.005218104999585194,0.00010436209999170387,-1.000000000079494,,3360.0,3360.0,1.0,-0.0052181050000000015,-0.0052181050000000015,1.0,0.13621,1
v3_4h_donchian_55_with_risk_filters,2023-03,3,2,1,3,-0.19679000000000008,-0.1996806050000001,0.0024106050000000006,0.00048,0.0028906050000000183,0.0,0.0,,-0.0665602016666667,-0.0665602016666667,-0.021366824999999996,0.19968060500013962,0.003993612100002792,-0.9999999999993012,-1.5367842754461547,6400.0,4560.0,0.03021274900484202,-0.006032900000000005,-0.17228088000000008,0.8627822416703915,4.8212100000000015,2
v3_4h_donchian_55_with_risk_filters,2023-04,4,4,0,4,0.014119999999999978,0.008532349999999985,0.00310765,0.0024800000000000004,0.005587649999999993,0.25,1.1497397649996424,0.06551354000000001,-0.01899373000000001,0.0021330874999999964,-0.014798155000000014,0.03704739000022528,0.0007409410456244626,0.2303090717037854,0.11489907810158861,9120.0,6600.0,7.678252767408758,0.06551354000000001,-0.027384879999999997,1.0,6.215300000000001,3
v3_4h_donchian_55_with_risk_filters,2023-05,1,0,1,1,-0.0013699999999999958,-0.0014733549999999959,6.335499999999999e-05,4e-05,0.00010335500000000007,0.0,0.0,,-0.0014733549999999959,-0.0014733549999999959,-0.0014733549999999959,0.001473354999689036,2.946709999378072e-05,-1.0000000002110556,,4320.0,4320.0,1.0,-0.0014733549999999959,-0.0014733549999999959,1.0,0.12671,1
v3_4h_donchian_55_with_risk_filters,2023-06,1,1,0,1,-0.002049999999999992,-0.002144094999999992,5.4095e-05,4e-05,9.40950000000002e-05,0.0,0.0,,-0.002144094999999992,-0.002144094999999992,-0.002144094999999992,0.0021440950004034676,4.288190000806935e-05,-0.9999999998118202,,1920.0,1920.0,1.0,-0.002144094999999992,-0.002144094999999992,1.0,0.10819000000000001,1
v3_4h_donchian_55_with_risk_filters,2023-08,3,0,3,2,0.21285999999999972,0.20984126999999972,0.00289873,0.00012000000000000002,0.0030187299999999972,0.6666666666666666,162.09231814465522,0.10557194249999985,-0.0013026149999999979,0.0699470899999999,0.003574260000000003,0.0013026149999859626,2.6052299999719254e-05,161.09231814639094,1.2447004536475181,8480.0,9600.0,0.9891744602956319,0.2075696249999997,-0.0013026149999999979,0.9891744602956319,5.797459999999999,2
v3_4h_donchian_55_with_risk_filters,2023-09,4,3,1,4,-0.09036999999999999,-0.09545940500000001,0.004569405,0.0005200000000000001,0.005089405000000019,0.0,0.0,,-0.023864851250000003,-0.023864851250000003,-0.007979090000000003,0.09545940499992867,0.0019091880999985733,-1.0000000000007474,-1.5458148796562625,9900.0,8400.0,0.02713389005515029,-0.0025901850000000642,-0.07691103999999993,0.8056936872799482,9.138810000000001,2
v3_4h_donchian_55_with_risk_filters,2023-10,1,1,0,1,0.0016599999999999948,0.0015439199999999946,7.608000000000002e-05,4e-05,0.00011608000000000018,1.0,,0.0015439199999999946,,0.0015439199999999946,0.0015439199999999946,0.0,0.0,,,9360.0,9360.0,1.0,0.0015439199999999946,0.0015439199999999946,1.0,0.15216000000000002,1
v3_4h_donchian_55_with_risk_filters,2023-11,1,1,0,1,0.013769999999999989,0.013593254999999988,0.00013674500000000002,4e-05,0.00017674500000000072,1.0,,0.013593254999999988,,0.013593254999999988,0.013593254999999988,0.0,0.0,,,10080.0,10080.0,1.0,0.013593254999999988,0.013593254999999988,1.0,0.27349,1
v3_4h_donchian_55_with_risk_filters,2024-01,1,0,1,1,-0.005679999999999997,-0.005862799999999997,0.00014279999999999997,4e-05,0.00018280000000000032,0.0,0.0,,-0.005862799999999997,-0.005862799999999997,-0.005862799999999997,0.0058627999997042934,0.00011725599999408586,-1.0000000000504372,,6720.0,6720.0,1.0,-0.005862799999999997,-0.005862799999999997,1.0,0.28559999999999997,1
v3_4h_donchian_55_with_risk_filters,2024-02,1,1,0,1,-0.01641000000000002,-0.016647535000000015,0.000197535,4e-05,0.00023753499999999705,0.0,0.0,,-0.016647535000000015,-0.016647535000000015,-0.016647535000000015,0.016647534999719937,0.00033295069999439875,-1.000000000016824,,13200.0,13200.0,1.0,-0.016647535000000015,-0.016647535000000015,1.0,0.39507000000000003,1
v3_4h_donchian_55_with_risk_filters,2024-03,3,3,0,3,2.97711,2.968057995,0.008932005,0.00012000000000000002,0.00905200500000003,0.6666666666666666,95.68424378738517,1.49970245,-0.03134690499999997,0.9893526650000001,0.7608116099999997,0.03134690499973658,0.0006269380999947316,94.68424378818074,1.821662285591263,36400.0,36240.0,0.7542282845453632,2.2385932900000003,-0.03134690499999997,0.746345813464531,17.86401,3
v3_4h_donchian_55_with_risk_filters,2024-04,2,2,0,2,-0.2856799999999996,-0.2891316899999996,0.00337169,8e-05,0.0034516900000000073,0.0,0.0,,-0.1445658449999998,-0.1445658449999998,-0.1445658449999998,0.28913169000043126,0.005782633800008625,-0.9999999999985071,-1.551219636712018,5760.0,5760.0,0.04416075941035733,-0.012768275,-0.2763634149999996,0.9558392405896426,6.743380000000001,1
v3_4h_donchian_55_with_risk_filters,2024-05,1,1,0,1,0.5928900000000004,0.5894181450000003,0.003431855,4e-05,0.0034718550000000237,1.0,,0.5894181450000003,,0.5894181450000003,0.5894181450000003,0.0,0.0,,,18480.0,18480.0,1.0,0.5894181450000003,0.5894181450000003,1.0,6.86371,1
v3_4h_donchian_55_with_risk_filters,2024-06,1,0,1,1,0.02258000000000029,0.01586191000000029,0.006678090000000001,4e-05,0.0067180899999999995,1.0,,0.01586191000000029,,0.01586191000000029,0.01586191000000029,0.0,0.0,,,7920.0,7920.0,1.0,0.01586191000000029,0.01586191000000029,1.0,13.356180000000002,1
v3_4h_ema_50_200_atr4,2023-01,19,14,5,5,0.79686,0.77448251,0.011257490000000002,0.01112,0.02237749,0.3157894736842105,4.088947627415288,0.17086824833333333,-0.019286690769230765,0.04076223736842105,-0.003507275000000095,0.2073503299998265,0.00414700659999653,3.735139992305043,1.1355426802645818,6682.105263157895,2160.0,0.7833213819121622,0.60666871,-0.0594985,0.643769790939787,22.51498,3
v3_4h_ema_50_200_atr4,2023-02,35,34,1,5,-0.17687999999999962,-0.2283706999999996,0.038130700000000003,0.013360000000000002,0.05149069999999997,0.14285714285714285,0.5362481467091359,0.05281417799999999,-0.016414719666666654,-0.006524877142857132,-0.005311479999999855,0.33355617500001244,0.006671109064494082,-0.6846543914229472,-1.035576293903919,1954.2857142857142,960.0,-1.0601092434362214,0.15791393999999992,-0.07437445000000004,1.0,76.2614,3
v3_4h_ema_50_200_atr4,2023-03,32,17,15,5,-0.06798000000000035,-0.12683136000000034,0.036531360000000006,0.022320000000000003,0.05885135999999999,0.21875,0.7427228420911985,0.05230631928571424,-0.019719023800000002,-0.0039634800000000105,-0.009317100000000066,0.19485953500043252,0.0038971907000086505,-0.6508860857115297,-0.45935148149432353,3217.5,1320.0,-2.245305498577002,0.231806025,-0.07495303999999996,1.0,73.06272000000001,3
v3_4h_ema_50_200_atr4,2023-04,31,22,9,5,-0.1862799999999993,-0.2381779899999993,0.03797798999999999,0.01392,0.051897990000000005,0.25806451612903225,0.6478244842253419,0.054765850625000057,-0.02940455630434782,-0.007683160967741913,-0.005616769999999836,0.5100298849993123,0.01020004311977601,-0.4669883020684571,-0.7647159513369927,3538.064516129032,1680.0,-1.0473624158134875,0.14087361,-0.17918360000000005,0.8500250956200504,75.95598000000001,3
v3_4h_ema_50_200_atr4,2023-05,29,9,20,5,-0.4295800000000002,-0.4779678400000001,0.039187839999999995,0.009200000000000002,0.048387839999999904,0.1724137931034483,0.08121269169778284,0.008449627999999992,-0.021675665833333333,-0.016481649655172417,-0.008277270000000002,0.47796784000001935,0.009559356800000387,-0.9999999999999597,-3.3316805421793427,3906.206896551724,2640.0,-0.07138052426288753,0.028851700000000098,-0.11509318000000013,0.9154977323899589,78.37568,3
v3_4h_ema_50_200_atr4,2023-06,27,7,20,5,-0.37432000000000043,-0.4190037600000003,0.030403760000000002,0.014280000000000001,0.04468375999999985,0.18518518518518517,0.19214891473217968,0.019932168000000035,-0.023575663636363656,-0.015518657777777788,-0.00871324000000022,0.4190037600001233,0.008380075200002467,-0.9999999999997065,-2.6559646886819572,3751.1111111111113,1680.0,-0.20715194775340454,0.04744744500000001,-0.11161946000000007,0.4480136331382872,60.80752,3
v3_4h_ema_50_200_atr4,2023-07,29,26,3,5,-0.42625,-0.47097330499999995,0.03748330500000001,0.007240000000000002,0.044723304999999935,0.20689655172413793,0.310904225811371,0.03541539416666666,-0.02971589869565217,-0.016240458793103447,-0.015411235000000014,0.4709733050003706,0.009419466100007412,-0.999999999999213,-2.013305342912824,3533.793103448276,1200.0,-0.41100953694180176,0.14189544999999998,-0.12684810999999993,1.0,74.96661000000002,3
v3_4h_ema_50_200_atr4,2023-08,33,17,16,5,0.27553000000000044,0.21158313500000048,0.042306865,0.02164,0.06394686499999996,0.24242424242424243,1.5391551140524382,0.07550222,-0.015697384999999977,0.006411610151515166,-0.0047495000000000575,0.18840633499985415,0.00376782528190957,1.1230149718700502,0.5762906603782293,4196.363636363636,720.0,2.1829412821584238,0.2789739049999999,-0.09011887999999993,0.4991999217062358,84.61373,3
v3_4h_ema_50_200_atr4,2023-09,27,0,27,5,-0.06520000000000001,-0.11253866000000001,0.020578660000000002,0.026760000000000003,0.047338660000000005,0.18518518518518517,0.15533384618854415,0.004139164999999974,-0.0060561129545454485,-0.004168098518518519,-0.0036370000000000287,0.11966048999966006,0.0023932063911913863,-0.940483028277084,-2.9514189187050532,3244.4444444444443,960.0,-0.12524958089957597,0.007978034999999845,-0.032699425,0.626451390126734,41.157320000000006,3
v3_4h_ema_50_200_atr4,2023-10,13,8,5,5,0.05825000000000063,0.034668355000000636,0.014501645000000002,0.009080000000000001,0.02358164499999999,0.3076923076923077,1.423359062337919,0.029139282500000047,-0.009098752777777728,0.0026667965384615873,-0.0010204899999999915,0.038250595000135945,0.000765008831215693,0.9063481234704303,0.41116586417423995,5981.538461538462,3600.0,1.7052717096037264,0.05911896499999998,-0.036763964999999954,0.395229279391207,29.003290000000003,3
v3_4h_ema_50_200_atr4,2023-11,24,24,0,5,1.2485700000000013,1.2004285850000012,0.03754141500000001,0.0106,0.04814141500000013,0.3333333333333333,4.345409018279474,0.19490715375000006,-0.02242679031249995,0.050017857708333384,-0.00685759500000001,0.29253254500054027,0.005848904462607654,4.1035727665712685,1.2314229986966925,7020.0,1800.0,1.0607538473436124,0.91298835,-0.07400710999999985,0.592236432083744,75.08283,3
v3_4h_ema_50_200_atr4,2023-12,29,29,0,5,0.5273799999999982,0.4619375199999982,0.051962480000000005,0.01348,0.06544247999999997,0.27586206896551724,1.849118104664979,0.12574473249999993,-0.02590573047619053,0.015928879999999937,-0.014227360000000055,0.44544377500005794,0.008907630500768742,1.0370276697658154,0.7676500793763444,3955.862068965517,2400.0,1.65185877302195,0.4945140449999996,-0.0932705,0.6282258666257352,103.92496000000001,3
v3_4h_ema_50_200_atr4,2024-01,30,16,14,5,-0.3574800000000003,-0.41503903000000025,0.041359030000000005,0.0162,0.057559029999999956,0.16666666666666666,0.20027261780533712,0.02078732200000007,-0.020759025600000026,-0.013834634333333342,-0.008974949999999905,0.4150390300001163,0.008300780600002326,-0.9999999999997203,-2.8190651046992556,3504.0,2640.0,-0.16902257361193307,0.03733258500000015,-0.09097334999999998,0.734484778455655,82.71806000000002,3
v3_4h_ema_50_200_atr4,2024-02,26,20,6,5,0.5341100000000021,0.4648166050000021,0.050773395,0.01852,0.06929339499999998,0.19230769230769232,1.9099974310327712,0.19512110500000007,-0.02432328190476182,0.017877561730769313,-0.013336419999999958,0.28488433999973495,0.0056976867999946985,1.6315975985216826,0.5579033061206544,3840.0,1200.0,2.0181448014319456,0.8176997150000003,-0.05764313499999986,0.9097021866807151,101.54679,3
v3_4h_ema_50_200_atr4,2024-03,19,17,2,5,2.064869999999998,2.005131464999998,0.050578535,0.00916,0.05973853500000015,0.2631578947368421,3.2761534423235457,0.5772122589999997,-0.06292355928571434,0.10553323499999989,-0.01899974999999996,0.8713001300002361,0.017415983423009533,2.3013097277966144,1.334141152515159,5962.105263157895,1440.0,0.5351054251198442,1.0729567249999998,-0.35914275,0.47858493514571193,101.15707,3
v3_4h_ema_50_200_atr4,2024-04,36,20,16,5,-1.5230700000000021,-1.649846275000002,0.107496275,0.01928,0.12677627499999988,0.16666666666666666,0.3514639356440859,0.1490180466666666,-0.0847984851666667,-0.0458290631944445,-0.03364328749999998,2.231665614999656,0.04462811919942151,-0.7392891945419234,-1.9414412543306878,3046.6666666666665,1080.0,-0.4007906069915508,0.3662945,-0.509863,1.0,214.99254999999997,3
v3_4h_ema_50_200_atr4,2024-05,26,14,12,5,-0.1255099999999994,-0.21788462499999942,0.07261462500000002,0.019759999999999996,0.09237462500000002,0.2692307692307692,0.7575600670071596,0.09726161214285715,-0.047300837368421035,-0.008380177884615363,-0.015077000000000122,0.6348134950003441,0.012695211299986537,-0.3432262022090146,-0.4834619142526805,4347.692307692308,1800.0,-1.9040787297405732,0.29233698,-0.18789982500000002,1.0,145.22924999999998,3
v3_4h_ema_50_200_atr4,2024-06,26,15,11,5,-0.17795999999999743,-0.27536832999999744,0.08548833,0.01192,0.09740833000000002,0.2692307692307692,0.7332903572130846,0.10815664500000002,-0.05434025499999987,-0.010591089615384517,-0.024336082499999915,0.8711234100001093,0.017422442910995272,-0.31610714031891635,-0.44126737093467494,4615.2692307692305,2759.0,-2.3703777772847228,0.48858072000000013,-0.23824401999999945,0.5680129489143206,170.97666000000004,3
v3_4h_vol_compression_donchian_breakout,2023-01,7,6,1,4,-0.3709599999999999,-0.3777122099999999,0.0050322100000000005,0.0017200000000000004,0.006752209999999981,0.0,0.0,,-0.053958887142857126,-0.053958887142857126,-0.017754654999999977,0.37771221000002697,0.0075542442000005395,-0.9999999999999283,-2.901010344341884,3017.1428571428573,2880.0,0.008343442220202507,-0.003151419999999994,-0.117223055,0.4021400446652227,10.064419999999998,3
v3_4h_vol_compression_donchian_breakout,2023-02,7,3,4,4,-0.009629999999999958,-0.019025664999999956,0.008395665,0.001,0.009395664999999997,0.42857142857142855,0.8878260099249141,0.05019428666666669,-0.04240213125000001,-0.0027179521428571363,-0.002221025000000003,0.14392817000043578,0.0028785634000087156,-0.13218861186064096,-0.11159083516525296,8400.0,9120.0,-6.5816514166522095,0.12522029500000006,-0.10103496500000007,0.5118797680506912,16.791330000000002,3
v3_4h_vol_compression_donchian_breakout,2023-03,6,0,6,4,-0.11947000000000026,-0.12515128500000025,0.002761285,0.0029200000000000007,0.005681284999999994,0.16666666666666666,0.017608181893609656,0.002243185000000003,-0.02547889400000005,-0.020858547500000043,-0.013056092499999998,0.12515128500035644,0.002503025700007129,-0.9999999999971539,-2.153888632925181,6080.0,4800.0,-0.017923787198828988,0.002243185000000003,-0.06915978000000012,0.5526094278616475,5.522570000000001,3
v3_4h_vol_compression_donchian_breakout,2023-04,13,8,5,5,-0.24054999999999988,-0.2633976749999999,0.013767675000000002,0.009080000000000001,0.02284767500000001,0.3076923076923077,0.48529336402359013,0.06208640750000001,-0.05686036722222221,-0.020261359615384607,-0.0038241449999999954,0.34578082999996695,0.0069155026558139,-0.7617474774412019,-0.899724245277603,5981.538461538462,6000.0,-0.3555871364468196,0.093660825,-0.18860889,0.7787507520409276,27.53535,3
v3_4h_vol_compression_donchian_breakout,2023-05,16,9,7,4,-0.24415999999999993,-0.25645259999999986,0.009852600000000001,0.0024400000000000003,0.012292599999999931,0.25,0.05543009299600719,0.0037623450000000207,-0.022625165,-0.01602828749999999,-0.004214857499999999,0.25645259999964765,0.005129051999992953,-1.0000000000013733,-2.118710423189796,5295.0,4440.0,-0.047270197299618254,0.012122565000000073,-0.11579754000000013,1.0,19.7052,3
v3_4h_vol_compression_donchian_breakout,2023-06,7,2,5,5,-0.16161999999999993,-0.17220744999999996,0.00798745,0.0026,0.010587450000000026,0.2857142857142857,0.07397391526410504,0.006878239999999977,-0.037192785999999985,-0.02460106428571428,-0.02420424,0.17220745000031457,0.0034441490000062915,-0.9999999999981731,-2.2228849471576724,8057.142857142857,9360.0,-0.04484753708390666,0.00772308,-0.07922185999999992,0.504332795499284,15.9749,3
v3_4h_vol_compression_donchian_breakout,2023-07,6,4,2,3,-0.048420000000000005,-0.05522300000000002,0.0019230000000000002,0.004880000000000001,0.006803000000000017,0.5,0.40908052220875635,0.012743221666666653,-0.03115088833333333,-0.009203833333333336,0.0009482149999999988,0.07965750000039407,0.0015931476150547496,-0.693255500106416,-0.6677669767026222,5440.0,3960.0,-0.5036080980750768,0.027810749999999974,-0.07965749999999999,1.0,3.846,2
v3_4h_vol_compression_donchian_breakout,2023-08,11,6,5,5,0.12068999999999944,0.10305092499999947,0.014519075000000003,0.0031200000000000004,0.017639074999999962,0.45454545454545453,1.4192592802646007,0.06976875099999993,-0.040965471666666704,0.00936826590909086,-0.004863770000000006,0.18704221499956475,0.003740844299991295,0.5509500889958947,0.3801603446263879,8421.818181818182,9840.0,2.086986361354843,0.2150658749999997,-0.065778,0.6472250768169818,29.03815,3
v3_4h_vol_compression_donchian_breakout,2023-09,14,10,4,5,-0.4389400000000008,-0.46254923000000076,0.018409230000000002,0.005200000000000001,0.02360922999999998,0.07142857142857142,0.0011946168456975967,0.0005532299999999984,-0.035623266153846214,-0.033039230714285765,-0.030617995000000058,0.4625492300001497,0.009250984600002994,-0.999999999999678,-4.19597795274333,4645.714285714285,4200.0,-0.001196045661993638,0.0005532299999999984,-0.10054052000000015,0.6751901197630361,36.81846,3
v3_4h_vol_compression_donchian_breakout,2023-10,7,4,3,4,-0.02749999999999982,-0.03906249999999981,0.0073625,0.004200000000000001,0.011562499999999993,0.42857142857142855,0.48550690230768984,0.012287248333333346,-0.018981061249999962,-0.005580357142857116,-0.0012439249999999956,0.07323649499994644,0.0014647230052049983,-0.5333747880756496,-0.6116486931693546,7988.571428571428,8640.0,-0.6025259520000037,0.02353617000000003,-0.05862199499999986,1.0,14.725000000000001,3
v3_4h_vol_compression_donchian_breakout,2023-11,5,5,0,3,1.03366,1.0261654500000001,0.007294550000000002,0.0002,0.007494549999999878,0.6,11.968680860552002,0.3732398616666668,-0.04677706750000009,0.20523309000000003,0.03222760000000001,0.09355413499997667,0.0018706637762260954,10.968680860554759,1.2385369843343337,17040.0,17280.0,0.9057117787389939,0.9294101350000002,-0.08457739000000017,0.9057117787389941,14.5891,3
v3_4h_vol_compression_donchian_breakout,2023-12,16,8,8,5,0.016859999999998987,-0.01157692000000099,0.020836920000000002,0.007600000000000001,0.028436919999999977,0.25,0.9787540891136757,0.13333104249999994,-0.04540842416666673,-0.0007235575000000619,-0.008323442500000076,0.38915069999984553,0.00778274047609654,-0.029749194849207735,-0.030051335036349592,5910.0,4080.0,-21.885212128958162,0.25336335,-0.12580266999999987,0.5015115978437101,41.67384,3
v3_4h_vol_compression_donchian_breakout,2024-01,10,4,6,5,-0.15663000000000005,-0.17760354500000003,0.016293545,0.004680000000000001,0.020973544999999982,0.2,0.662726664141978,0.17449141749999997,-0.06582329749999999,-0.017760354500000002,-0.041016270000000146,0.36377539000022807,0.0072755078000045605,-0.4882230900773378,-0.5313096258021838,5064.0,4080.0,-1.0375021793624675,0.1842640650000001,-0.1546908199999997,1.0,32.58709,3
v3_4h_vol_compression_donchian_breakout,2024-02,8,6,2,3,0.8399400000000002,0.8247175700000003,0.013462430000000001,0.00176,0.015222429999999898,0.75,8.799806120263133,0.1550755366666667,-0.05286782499999998,0.10308969625000004,0.04348472749999999,0.05804214999989199,0.0011607954260915883,14.208942466837204,1.2261681588245243,7530.0,7080.0,0.875113046275951,0.7217211050000002,-0.058042150000000056,0.9504940786744552,26.924860000000002,3
v3_4h_vol_compression_donchian_breakout,2024-03,6,6,0,4,0.5380900000000005,0.5260484750000003,0.011441525,0.0006000000000000001,0.01204152500000022,0.3333333333333333,1.8323679177179828,0.5790194025000001,-0.1579975824999999,0.08767474583333339,-0.004338669999999996,0.6246354150007392,0.012489833929876406,0.8421688273941013,0.44907699724163563,13480.0,9960.0,1.937195151074242,1.0190585550000002,-0.5999152549999996,0.8799865346481202,22.88305,3
v3_4h_vol_compression_donchian_breakout,2024-04,10,6,4,5,-1.9405500000000009,-1.9660059550000009,0.022375955,0.0030800000000000003,0.025455954999999975,0.2,0.07151241437272322,0.07571120749999997,-0.2646785462500001,-0.19660059550000009,-0.1751901050000005,1.9660059549996731,0.039320119099993465,-1.0000000000001668,-2.342438494893862,6672.0,6480.0,-0.06940825873541155,0.13645704999999994,-0.8621097499999999,1.0,44.75191,3
v3_4h_vol_compression_donchian_breakout,2024-05,17,8,9,5,-0.08307999999999954,-0.1217732399999995,0.02945324,0.00924,0.03869323999999996,0.4117647058823529,0.8282001674809817,0.08386222857142855,-0.07088088399999995,-0.007163131764705853,-0.0009104149999999862,0.6465287299997726,0.01292998422238524,-0.1883493097051423,-0.23546530791964373,6465.882352941177,5760.0,-2.4345053560207557,0.29645760499999974,-0.33761464499999944,0.7076012277971399,58.90648,3
v3_4h_vol_compression_donchian_breakout,2024-06,10,3,7,5,0.17388000000000026,0.15063279000000024,0.01660721,0.00664,0.023247210000000018,0.4,2.8068881070207827,0.058499663750000076,-0.013894310833333345,0.015063279000000023,-0.004148620000000037,0.05989094500000647,0.0011978189000001293,2.5151179364423784,0.9449235875605773,6839.9,6360.0,0.9721115834075714,0.14643188000000043,-0.04961799999999993,0.733191220003912,33.214420000000004,3
v3_ensemble_core,2023-01,19,14,5,5,0.79686,0.77448251,0.011257490000000002,0.01112,0.02237749,0.3157894736842105,4.088947627415288,0.17086824833333333,-0.019286690769230765,0.04076223736842105,-0.003507275000000095,0.2073503299998265,0.00414700659999653,3.735139992305043,1.1355426802645818,6682.105263157895,2160.0,0.7833213819121622,0.60666871,-0.0594985,0.643769790939787,22.51498,3
v3_ensemble_core,2023-02,35,32,3,5,-0.19671999999999953,-0.24932913999999956,0.039969140000000014,0.012640000000000002,0.052609140000000026,0.11428571428571428,0.5147843715268775,0.06613077624999998,-0.016575878870967734,-0.007123689714285702,-0.005369614999999991,0.354966830000194,0.007099321237896243,-0.702401235630561,-1.1284349690476934,2221.714285714286,960.0,-0.970997172652985,0.15791393999999992,-0.07437445000000004,0.5950748476491772,79.93828,3
v3_ensemble_core,2023-03,34,19,15,5,0.034609999999999294,-0.026045295000000617,0.038615295,0.02204,0.060655294999999915,0.20588235294117646,0.9504948284740777,0.07143818785714277,-0.019485652222222226,-0.0007660380882353123,-0.008930220000000051,0.17469376000008197,0.0034938752000016394,-0.1490911581500587,-0.07370328711094938,3416.470588235294,1320.0,-14.033963907876307,0.31242631499999995,-0.07495303999999996,1.0,77.23059,3
v3_ensemble_core,2023-04,33,22,11,5,-0.3176699999999993,-0.37023787499999933,0.038207874999999995,0.014360000000000001,0.05256787500000004,0.24242424242424243,0.541991524171987,0.054765850625000057,-0.03233458719999999,-0.011219329545454525,-0.005616769999999836,0.6420897699999841,0.0128410972246768,-0.5766138821990708,-1.120726676065815,3701.818181818182,1680.0,-0.6737794586791004,0.14087361,-0.17918360000000005,0.8500250956200504,76.41575,3
v3_ensemble_core,2023-05,32,11,21,5,-0.4613599999999999,-0.51272897,0.042048970000000005,0.00932,0.05136897000000007,0.15625,0.07639232385061424,0.008481643999999991,-0.02056063666666666,-0.0160227803125,-0.00819759749999999,0.512728970000353,0.01025457940000706,-0.9999999999993114,-3.510062072741033,3682.5,2280.0,-0.06654118841773259,0.028851700000000098,-0.11509318000000013,1.0,84.09794,3
v3_ensemble_core,2023-06,29,9,20,5,-0.3390800000000005,-0.38469776000000044,0.02929776,0.01632,0.04561775999999995,0.20689655172413793,0.20782070639823497,0.016820300000000028,-0.021113893913043504,-0.013265440000000015,-0.0056545000000000865,0.3846977599996535,0.0076939551999930696,-1.000000000000902,-2.464566442513282,3889.655172413793,1680.0,-0.2256250335328181,0.04744744500000001,-0.11161946000000007,0.6848669295136625,58.59551999999999,3
v3_ensemble_core,2023-07,33,30,3,5,-0.3359299999999998,-0.38153676499999983,0.037846765000000004,0.007760000000000001,0.04560676500000005,0.15151515151515152,0.4438222227107242,0.06089221900000004,-0.02449992357142857,-0.011561720151515147,-0.008743829999999928,0.3815367650004191,0.007630735300008382,-0.9999999999989011,-1.2500712682658464,3134.5454545454545,960.0,-0.7519882520364722,0.23523209500000014,-0.12684810999999993,1.0,75.69353,3
v3_ensemble_core,2023-08,31,14,17,5,0.32189000000000045,0.26608574500000043,0.040124255,0.01568,0.055804255000000025,0.25806451612903225,1.7232221782403865,0.07925034499999999,-0.015996391956521715,0.008583411129032272,-0.003700310000000073,0.18840633499985415,0.003767784214380166,1.4122972298155814,0.7183084882151745,4714.8387096774195,2400.0,1.7358072301092236,0.2789739049999999,-0.09011887999999993,0.39678312919379743,80.24851000000002,3
v3_ensemble_core,2023-09,28,5,23,5,-0.30258,-0.3543911699999999,0.026971170000000003,0.024839999999999997,0.051811169999999906,0.10714285714285714,0.045549047854895865,0.005637509999999964,-0.014852147999999994,-0.012656827499999997,-0.004126375000000017,0.35439116999987164,0.007087823399997433,-1.000000000000362,-2.5353115820187924,3720.0,3000.0,-0.03977362077051716,0.007978034999999845,-0.131768045,0.4542254114288459,53.94234,3
v3_ensemble_core,2023-10,14,8,6,5,0.029820000000000756,0.0034793000000007575,0.017220700000000002,0.00912,0.026340699999999998,0.21428571428571427,1.0321275595142034,0.03725857666666673,-0.00984512999999995,0.0002485214285714827,-0.005093000000000002,0.07117150500016578,0.0014234238969909995,0.04888613778776567,0.040588541868596374,6411.428571428572,5640.0,16.99162618917228,0.05911896499999998,-0.030250709999999962,0.6032410651661885,34.4414,3
v3_ensemble_core,2023-11,24,23,1,5,1.233530000000001,1.1888893650000008,0.034040635,0.0106,0.04464063500000015,0.2916666666666667,4.250634886334017,0.22209000428571435,-0.02151415676470585,0.049537056875000034,-0.00996339500000001,0.304071765000117,0.006079619972741445,3.909897273755566,1.2188949773341762,7060.0,1920.0,1.0710493991171324,0.91298835,-0.07400710999999985,0.6186302572384768,68.08127,3
v3_ensemble_core,2023-12,28,27,1,5,0.5894799999999986,0.5256625299999986,0.048417470000000004,0.0154,0.06381746999999993,0.32142857142857145,2.070767128662519,0.11295377333333328,-0.025837970000000043,0.018773661785714237,-0.012701375000000036,0.41222400999959063,0.00824332804880049,1.2751865909036222,0.8778227347009244,4217.142857142857,2640.0,1.4516072602701997,0.4945140449999996,-0.0932705,0.6936472332360597,96.83494000000002,3
v3_ensemble_core,2024-01,29,15,14,5,-0.2822500000000001,-0.34053243500000013,0.042482435000000006,0.0158,0.05828243500000002,0.1724137931034483,0.26796038600459,0.02493012700000007,-0.019382627916666686,-0.011742497758620695,-0.010298254999999992,0.340532434999659,0.00681064869999318,-1.0000000000010016,-2.4934206269764845,3782.0689655172414,2640.0,-0.2180015833146705,0.03733258500000015,-0.08077844999999989,1.0,84.96487000000002,3
v3_ensemble_core,2024-02,24,17,7,5,0.5115200000000018,0.4537342300000017,0.04326577000000001,0.014520000000000002,0.05778577000000007,0.25,1.8578413026535228,0.1637766391666667,-0.029384755833333262,0.018905592916666738,-0.01352532,0.38817201999972895,0.007763440399994578,1.1688998861904536,0.5411581722126879,4510.0,2640.0,2.067437616509552,0.8176997150000003,-0.11079143000000001,0.8836734080066356,86.53154,3
v3_ensemble_core,2024-03,19,17,2,5,2.068999999999998,2.009259399999998,0.0505806,0.00916,0.05974060000000003,0.2631578947368421,3.29157739217705,0.5772122589999997,-0.06262870678571435,0.105750494736842,-0.01899974999999996,0.8671721950004212,0.017333472190596406,2.317024705801392,1.3371720946815446,6113.684210526316,1440.0,0.5340060745765335,1.0729567249999998,-0.35914275,0.47858493514571193,101.16120000000001,3
v3_ensemble_core,2024-04,36,19,17,5,-2.289430000000002,-2.4203373550000022,0.111987355,0.01892,0.13090735500000017,0.16666666666666666,0.2697610335068896,0.1490180466666666,-0.11048152116666672,-0.06723159319444451,-0.029187575000000028,3.0021566949999396,0.06003614786161379,-0.8061995428256788,-1.9709433862372068,3086.6666666666665,1440.0,-0.2732027783788013,0.3662945,-0.8621097499999999,1.0,223.97470999999996,3
v3_ensemble_core,2024-05,28,17,11,5,0.2537800000000001,0.1633509100000001,0.07218909000000001,0.01824,0.09042909000000002,0.2857142857142857,1.165415369907516,0.14385880625000003,-0.04937597700000001,0.005833961071428575,-0.013398494999999944,0.7312913500009017,0.014624607515800882,0.22337322874090973,0.21778989785216216,4431.428571428572,2160.0,5.487439892437695,0.60404132,-0.18789982500000002,1.0,144.37818,3
v3_ensemble_core,2024-06,26,14,12,5,-0.08780999999999804,-0.173667064999998,0.075537065,0.010320000000000001,0.08585706499999997,0.2692307692307692,0.830714328350088,0.1217449414285715,-0.0539937713157894,-0.006679502499999924,-0.019822125000000076,0.7394258650001575,0.014788495834220464,-0.23486744678583973,-0.2737098191084129,5132.192307692308,2879.5,-3.758496004985214,0.48858072000000013,-0.23824401999999945,0.5160743814290726,151.07413,3
