policy_name,time,equity,drawdown,ddpercent
v3_1d_donchian_20_10_atr4,2025-02-25T00:00:00+08:00,5000.0,0.0,0.0
v3_1d_donchian_20_10_atr4,2025-03-25T00:00:00+08:00,5000.00924309,0.0,0.0
v3_1d_donchian_20_10_atr4,2025-03-25T00:00:00+08:00,4999.890650645,0.11859244500010391,0.0023718445153676137
v3_1d_donchian_20_10_atr4,2025-04-22T00:00:00+08:00,4998.91611623,1.093126860000666,0.021862496784608238
v3_1d_donchian_20_10_atr4,2025-04-23T00:00:00+08:00,4998.90274392,1.1064991700004612,0.022129942490199193
v3_1d_donchian_20_10_atr4,2025-04-24T00:00:00+08:00,4999.829417405,0.179825685000651,0.003596507051445347
v3_1d_donchian_20_10_atr4,2025-05-06T00:00:00+08:00,4999.8163254,0.1929176900002858,0.003858346667396616
v3_1d_donchian_20_10_atr4,2025-05-31T00:00:00+08:00,4999.798944505,0.21029858500060072,0.0042059639247913954
v3_1d_donchian_20_10_atr4,2025-06-11T00:00:00+08:00,4999.790658155,0.21858493500076293,0.0043716906184292905
v3_1d_donchian_20_10_atr4,2025-06-23T00:00:00+08:00,5000.527412985,0.0,0.0
v3_1d_donchian_20_10_atr4,2025-06-23T00:00:00+08:00,5000.647616165,0.0,0.0
v3_1d_donchian_20_10_atr4,2025-07-04T00:00:00+08:00,5000.181806485,0.46580967999943823,0.009314987092745159
v3_1d_donchian_20_10_atr4,2025-07-12T00:00:00+08:00,4999.800481735,0.8471344299996417,0.016940494412387923
v3_1d_donchian_20_10_atr4,2025-07-12T00:00:00+08:00,4999.75907699,0.8885391750000053,0.017768482068757058
v3_1d_donchian_20_10_atr4,2025-08-02T00:00:00+08:00,4999.76967623,0.8779399349996311,0.017556524722150368
v3_1d_donchian_20_10_atr4,2025-08-04T00:00:00+08:00,5000.491287875,0.15632828999969206,0.0031261608895285513
v3_1d_donchian_20_10_atr4,2025-08-21T00:00:00+08:00,5000.14637209,0.501244074999704,0.010023583213090078
v3_1d_donchian_20_10_atr4,2025-09-23T00:00:00+08:00,5000.024733605,0.6228825600001073,0.012456037853708966
v3_1d_donchian_20_10_atr4,2025-09-23T00:00:00+08:00,5000.025621975,0.6219941899998958,0.01243827275469779
v3_1d_donchian_20_10_atr4,2025-09-30T23:59:00+08:00,4999.355485225,1.292130939999879,0.02583927201394797
v3_1d_donchian_20_10_atr4,2025-09-30T23:59:00+08:00,4999.34174066,1.3058755049996762,0.026114127713745067
v3_1d_donchian_20_10_atr4,2025-09-30T23:59:00+08:00,4999.34198871,1.3056274549999216,0.026109167356231516
v3_1d_donchian_55_20_atr5,2025-02-26T00:00:00+08:00,5000.0,0.0,0.0
v3_1d_donchian_55_20_atr5,2025-04-23T00:00:00+08:00,4999.54657022,0.4534297800000786,0.009068595600001573
v3_1d_donchian_55_20_atr5,2025-04-24T00:00:00+08:00,4999.545452225,0.4545477749998099,0.009090955499996198
v3_1d_donchian_55_20_atr5,2025-05-09T00:00:00+08:00,4999.564805855,0.4351941450004233,0.008703882900008467
v3_1d_donchian_55_20_atr5,2025-06-23T00:00:00+08:00,4999.365793035,0.6342069649999758,0.012684139299999514
v3_1d_donchian_55_20_atr5,2025-06-23T00:00:00+08:00,4999.241113835,0.758886165000149,0.01517772330000298
v3_1d_donchian_55_20_atr5,2025-07-08T00:00:00+08:00,4998.488028835,1.511971165000432,0.03023942330000864
v3_1d_donchian_55_20_atr5,2025-07-12T00:00:00+08:00,4998.44662409,1.553375909999886,0.031067518199997722
v3_1d_donchian_55_20_atr5,2025-09-23T00:00:00+08:00,4999.50880722,0.49119278000034683,0.009823855600006936
v3_1d_donchian_55_20_atr5,2025-09-23T00:00:00+08:00,4999.541041255,0.4589587450000181,0.009179174900000362
v3_1d_donchian_55_20_atr5,2025-09-30T23:59:00+08:00,4999.21173766,0.7882623400000739,0.01576524680000148
v3_1d_ema_50_200_atr5,2025-01-03T00:00:00+08:00,5000.0,0.0,0.0
v3_1d_ema_50_200_atr5,2025-01-09T00:00:00+08:00,4999.983855425,0.01614457499999844,0.0003228914999999688
v3_1d_ema_50_200_atr5,2025-01-10T00:00:00+08:00,4999.830461125,0.16953887500039855,0.003390777500007971
v3_1d_ema_50_200_atr5,2025-01-10T00:00:00+08:00,4999.71229165,0.28770834999977524,0.005754166999995505
v3_1d_ema_50_200_atr5,2025-01-11T00:00:00+08:00,4999.6084649,0.3915350999996008,0.007830701999992015
v3_1d_ema_50_200_atr5,2025-01-14T00:00:00+08:00,4999.48567015,0.51432984999974,0.010286596999994799
v3_1d_ema_50_200_atr5,2025-01-28T00:00:00+08:00,4999.21127815,0.7887218500000017,0.015774437000000033
v3_1d_ema_50_200_atr5,2025-02-03T00:00:00+08:00,4999.506067235,0.4939327649999541,0.009878655299999083
v3_1d_ema_50_200_atr5,2025-02-03T00:00:00+08:00,4999.510567985,0.4894320149996929,0.009788640299993859
v3_1d_ema_50_200_atr5,2025-02-03T00:00:00+08:00,4999.292742985,0.707257015000323,0.01414514030000646
v3_1d_ema_50_200_atr5,2025-04-24T00:00:00+08:00,4999.320660465,0.679339534999599,0.013586790699991979
v3_1d_ema_50_200_atr5,2025-04-26T00:00:00+08:00,4999.973004215,0.026995784999598982,0.0005399156999919797
v3_1d_ema_50_200_atr5,2025-05-02T00:00:00+08:00,4999.916222215,0.08377778500016575,0.001675555700003315
v3_1d_ema_50_200_atr5,2025-05-02T00:00:00+08:00,4999.908137325,0.09186267499990208,0.0018372534999980417
v3_1d_ema_50_200_atr5,2025-05-09T00:00:00+08:00,5000.952678105,0.0,0.0
v3_1d_ema_50_200_atr5,2025-05-09T00:00:00+08:00,5000.832836105,0.1198420000000624,0.002396383403601289
v3_1d_ema_50_200_atr5,2025-05-09T00:00:00+08:00,5000.820789215,0.1318888899995727,0.0026372753051034483
v3_1d_ema_50_200_atr5,2025-05-27T00:00:00+08:00,5000.812975355,0.13970274999974208,0.002793522734405864
v3_1d_ema_50_200_atr5,2025-06-11T00:00:00+08:00,5000.804689005,0.14798909999990428,0.0029592181635276233
v3_1d_ema_50_200_atr5,2025-06-12T00:00:00+08:00,5000.789164255,0.16351384999961738,0.0032696540144342523
v3_1d_ema_50_200_atr5,2025-06-23T00:00:00+08:00,5000.44636958,0.5063085250003496,0.01012424147137109
v3_1d_ema_50_200_atr5,2025-06-25T00:00:00+08:00,5000.182210675,0.7704674300002807,0.015406413129512601
v3_1d_ema_50_200_atr5,2025-07-10T00:00:00+08:00,5000.1830186,0.7696595050001633,0.01539025770769358
v3_1d_ema_50_200_atr5,2025-07-11T00:00:00+08:00,5000.2341851,0.7184930049998002,0.014367122651359643
v3_1d_ema_50_200_atr5,2025-08-03T00:00:00+08:00,4999.9692402,0.9834379049998461,0.019665011214873122
v3_1d_ema_50_200_atr5,2025-08-04T00:00:00+08:00,4999.84173145,1.1109466549996796,0.022214700408255978
v3_1d_ema_50_200_atr5,2025-08-06T00:00:00+08:00,5000.480616575,0.4720615300002464,0.009439432051957021
v3_1d_ema_50_200_atr5,2025-08-06T00:00:00+08:00,5000.514478625,0.43819947999963915,0.008762320065897626
v3_1d_ema_50_200_atr5,2025-08-07T00:00:00+08:00,5000.409947375,0.5427307299996755,0.010852546803248923
v3_1d_ema_50_200_atr5,2025-08-20T00:00:00+08:00,5000.314895075,0.6377830299998095,0.01275323065527353
v3_1d_ema_50_200_atr5,2025-09-23T00:00:00+08:00,5001.38335134,0.0,0.0
v3_1d_ema_50_200_atr5,2025-09-23T00:00:00+08:00,5001.35250385,0.030847490000269318,0.0006167791555511231
v3_1d_ema_50_200_atr5,2025-09-26T00:00:00+08:00,5001.6941419,0.0,0.0
v3_1d_ema_50_200_atr5,2025-09-26T00:00:00+08:00,5001.77119465,0.0,0.0
v3_1d_ema_50_200_atr5,2025-09-30T23:59:00+08:00,5001.68732371,0.08387094000045181,0.0016768248033848874
v3_1d_ema_50_200_atr5,2025-09-30T23:59:00+08:00,5001.65081671,0.12037794000025315,0.002406706250957899
v3_4h_donchian_100_30_atr5,2025-01-18T16:00:00+08:00,5000.0,0.0,0.0
v3_4h_donchian_100_30_atr5,2025-01-27T08:00:00+08:00,5000.0746366,0.0,0.0
v3_4h_donchian_100_30_atr5,2025-01-27T12:00:00+08:00,5000.061641005,0.012995595000575122,0.00025990802028131313
v3_4h_donchian_100_30_atr5,2025-01-27T16:00:00+08:00,4999.38593576,0.6887008399999104,0.013773811193910896
v3_4h_donchian_100_30_atr5,2025-02-17T20:00:00+08:00,4999.60308878,0.47154782000052364,0.009430815623207803
v3_4h_donchian_100_30_atr5,2025-03-03T04:00:00+08:00,4999.640130635,0.43450596500042593,0.008689989581753235
v3_4h_donchian_100_30_atr5,2025-03-03T04:00:00+08:00,4999.67898116,0.39565544000015507,0.007912990680259059
v3_4h_donchian_100_30_atr5,2025-03-03T08:00:00+08:00,4999.516872225,0.5577643750002608,0.011155120983944649
v3_4h_donchian_100_30_atr5,2025-03-19T20:00:00+08:00,4999.564140345,0.510496255000362,0.010209772695463087
v3_4h_donchian_100_30_atr5,2025-03-19T20:00:00+08:00,4999.54659403,0.5280425700002525,0.010560693757149913
v3_4h_donchian_100_30_atr5,2025-03-29T04:00:00+08:00,4999.527724,0.5469126000007236,0.010938088723663905
v3_4h_donchian_100_30_atr5,2025-04-10T04:00:00+08:00,4999.530166435,0.5444701650003481,0.010889240752825685
v3_4h_donchian_100_30_atr5,2025-04-12T04:00:00+08:00,4999.094539765,0.9800968350000403,0.019601644099986798
v3_4h_donchian_100_30_atr5,2025-04-19T12:00:00+08:00,4999.11781857,0.9568180300002496,0.019136074949690673
v3_4h_donchian_100_30_atr5,2025-05-01T00:00:00+08:00,4999.11725744,0.9573791600005279,0.0191472973821754
v3_4h_donchian_100_30_atr5,2025-05-17T12:00:00+08:00,4999.116252055,0.9583845450006265,0.01916740478202778
v3_4h_donchian_100_30_atr5,2025-06-06T04:00:00+08:00,5000.572213965,0.0,0.0
v3_4h_donchian_100_30_atr5,2025-06-06T08:00:00+08:00,5001.058583015,0.0,0.0
v3_4h_donchian_100_30_atr5,2025-06-08T16:00:00+08:00,5001.067940935,0.0,0.0
v3_4h_donchian_100_30_atr5,2025-06-17T04:00:00+08:00,5000.902724185,0.16521674999967217,0.0033036293837828416
v3_4h_donchian_100_30_atr5,2025-06-25T00:00:00+08:00,5000.89458462,0.17335631499918236,0.00346638592089936
v3_4h_donchian_100_30_atr5,2025-06-25T16:00:00+08:00,5000.14501666,0.9229242749997866,0.018454543827437716
v3_4h_donchian_100_30_atr5,2025-07-21T20:00:00+08:00,5000.75599225,0.31194868499915174,0.006237641413462378
v3_4h_donchian_100_30_atr5,2025-07-29T00:00:00+08:00,4999.3078675,1.7600734349998675,0.03519395168766302
v3_4h_donchian_100_30_atr5,2025-07-30T20:00:00+08:00,4999.328394825,1.7395461099995373,0.03478349285681394
v3_4h_donchian_100_30_atr5,2025-08-01T08:00:00+08:00,5000.21146365,0.8564772849995279,0.01712588781266189
v3_4h_donchian_100_30_atr5,2025-08-18T20:00:00+08:00,5000.4254885,0.6424524349995409,0.01284630488102163
v3_4h_donchian_100_30_atr5,2025-08-26T08:00:00+08:00,5000.44996763,0.6179733049993956,0.0123568268277487
v3_4h_donchian_100_30_atr5,2025-09-01T12:00:00+08:00,4999.99267901,1.0752619249997224,0.021500646215949857
v3_4h_donchian_100_30_atr5,2025-09-11T00:00:00+08:00,4999.717439385,1.3505015499995352,0.02700426320837076
v3_4h_donchian_100_30_atr5,2025-09-22T16:00:00+08:00,4999.792532335,1.2754085999995368,0.025502724919211683
v3_4h_donchian_100_30_atr5,2025-09-22T16:00:00+08:00,4999.234355585,1.833585349999339,0.03666387602917732
v3_4h_donchian_100_30_atr5,2025-09-22T16:00:00+08:00,4998.784151925,2.283789009999964,0.04566602647619674
v3_4h_donchian_100_30_atr5,2025-09-30T00:00:00+08:00,4998.724794565,2.343146369999886,0.04685292016972301
v3_4h_donchian_100_30_atr5,2025-09-30T23:59:00+08:00,4998.72511258,2.3428283549992557,0.046846561227905266
v3_4h_donchian_100_30_atr5,2025-09-30T23:59:00+08:00,4998.66065358,2.4072873549994256,0.04813546593308946
v3_4h_donchian_20_10_atr4,2025-01-07T00:00:00+08:00,5000.0,0.0,0.0
v3_4h_donchian_20_10_atr4,2025-01-08T04:00:00+08:00,4999.415885025,0.5841149750003751,0.011682299500007503
v3_4h_donchian_20_10_atr4,2025-01-15T00:00:00+08:00,4999.43312476,0.5668752399997175,0.011337504799994349
v3_4h_donchian_20_10_atr4,2025-01-16T00:00:00+08:00,4999.47032346,0.5296765399998549,0.010593530799997097
v3_4h_donchian_20_10_atr4,2025-01-16T00:00:00+08:00,4999.18420741,0.8157925899995462,0.016315851799990923
v3_4h_donchian_20_10_atr4,2025-01-26T20:00:00+08:00,4999.71382026,0.2861797400000796,0.005723594800001592
v3_4h_donchian_20_10_atr4,2025-01-27T08:00:00+08:00,4999.754482605,0.2455173950002063,0.004910347900004126
v3_4h_donchian_20_10_atr4,2025-01-27T08:00:00+08:00,4999.563533085,0.4364669149999827,0.008729338299999653
v3_4h_donchian_20_10_atr4,2025-01-30T12:00:00+08:00,4999.149869355,0.8501306449998083,0.017002612899996165
v3_4h_donchian_20_10_atr4,2025-01-30T20:00:00+08:00,4999.102864485,0.897135514999718,0.01794271029999436
v3_4h_donchian_20_10_atr4,2025-01-31T00:00:00+08:00,4999.09257024,0.9074297600000136,0.018148595200000273
v3_4h_donchian_20_10_atr4,2025-02-02T04:00:00+08:00,4999.07802812,0.9219718799995462,0.018439437599990924
v3_4h_donchian_20_10_atr4,2025-02-02T08:00:00+08:00,4998.93077612,1.0692238800002087,0.021384477600004174
v3_4h_donchian_20_10_atr4,2025-02-04T04:00:00+08:00,4998.644094415,1.3559055850000732,0.027118111700001467
v3_4h_donchian_20_10_atr4,2025-02-11T12:00:00+08:00,4998.673226315,1.326773685000262,0.026535473700005238
v3_4h_donchian_20_10_atr4,2025-02-13T00:00:00+08:00,4998.657037775,1.34296222499961,0.0268592444999922
v3_4h_donchian_20_10_atr4,2025-02-17T20:00:00+08:00,4998.874190795,1.1258092050002233,0.022516184100004465
v3_4h_donchian_20_10_atr4,2025-02-21T20:00:00+08:00,4998.86873764,1.1312623599997096,0.022625247199994192
v3_4h_donchian_20_10_atr4,2025-03-03T00:00:00+08:00,4998.8823367,1.117663299999549,0.022353265999990983
v3_4h_donchian_20_10_atr4,2025-03-03T04:00:00+08:00,4998.69612981,1.3038701900004526,0.02607740380000905
v3_4h_donchian_20_10_atr4,2025-03-03T04:00:00+08:00,4998.729694865,1.2703051349999441,0.02540610269999888
v3_4h_donchian_20_10_atr4,2025-03-04T04:00:00+08:00,4998.365728785,1.6342712149998988,0.032685424299997975
v3_4h_donchian_20_10_atr4,2025-03-04T04:00:00+08:00,4998.344329875,1.6556701250001424,0.03311340250000285
v3_4h_donchian_20_10_atr4,2025-03-04T12:00:00+08:00,4997.3820812,2.617918799999643,0.05235837599999285
v3_4h_donchian_20_10_atr4,2025-03-06T12:00:00+08:00,4997.347016115,2.6529838850001397,0.05305967770000279
v3_4h_donchian_20_10_atr4,2025-03-14T20:00:00+08:00,4997.352832185,2.6471678150001026,0.05294335630000205
v3_4h_donchian_20_10_atr4,2025-03-16T12:00:00+08:00,4997.21609802,2.783901980000337,0.05567803960000674
v3_4h_donchian_20_10_atr4,2025-03-16T20:00:00+08:00,4997.210309895,2.7896901049998633,0.055793802099997264
v3_4h_donchian_20_10_atr4,2025-03-19T20:00:00+08:00,4997.257578015,2.7424219849999645,0.054848439699999293
v3_4h_donchian_20_10_atr4,2025-03-21T04:00:00+08:00,4997.10491615,2.8950838500004465,0.05790167700000893
v3_4h_donchian_20_10_atr4,2025-03-21T04:00:00+08:00,4996.79621754,3.203782460000184,0.06407564920000368
v3_4h_donchian_20_10_atr4,2025-03-22T00:00:00+08:00,4996.789705705,3.210294294999585,0.0642058858999917
v3_4h_donchian_20_10_atr4,2025-03-28T16:00:00+08:00,4996.78738988,3.212610120000136,0.06425220240000272
v3_4h_donchian_20_10_atr4,2025-03-30T08:00:00+08:00,4996.73717363,3.262826369999857,0.06525652739999714
v3_4h_donchian_20_10_atr4,2025-04-02T00:00:00+08:00,4996.726768805,3.273231195000335,0.0654646239000067
v3_4h_donchian_20_10_atr4,2025-04-02T12:00:00+08:00,4996.583954855,3.416045144999771,0.06832090289999541
v3_4h_donchian_20_10_atr4,2025-04-03T08:00:00+08:00,4996.32202627,3.6779737300003035,0.07355947460000607
v3_4h_donchian_20_10_atr4,2025-04-03T08:00:00+08:00,4996.30755025,3.692449750000378,0.07384899500000756
v3_4h_donchian_20_10_atr4,2025-04-10T04:00:00+08:00,4996.309992685,3.6900073150000026,0.07380014630000005
v3_4h_donchian_20_10_atr4,2025-04-12T20:00:00+08:00,4996.3376937,3.6623062999997273,0.07324612599999455
v3_4h_donchian_20_10_atr4,2025-04-14T12:00:00+08:00,4996.19174815,3.8082518499995786,0.07616503699999157
v3_4h_donchian_20_10_atr4,2025-04-16T00:00:00+08:00,4996.18412071,3.815879290000339,0.07631758580000679
v3_4h_donchian_20_10_atr4,2025-04-19T16:00:00+08:00,4996.178904475,3.8210955249996914,0.07642191049999383
v3_4h_donchian_20_10_atr4,2025-04-20T20:00:00+08:00,4996.030799725,3.969200274999821,0.07938400549999641
v3_4h_donchian_20_10_atr4,2025-04-27T16:00:00+08:00,4996.047242655,3.9527573449995543,0.07905514689999109
v3_4h_donchian_20_10_atr4,2025-05-01T00:00:00+08:00,4996.097886865,3.902113135000036,0.07804226270000071
v3_4h_donchian_20_10_atr4,2025-05-05T12:00:00+08:00,4996.766562615,3.2334373849998883,0.06466874769999777
v3_4h_donchian_20_10_atr4,2025-05-07T08:00:00+08:00,4996.475918945,3.5240810550003516,0.07048162110000702
v3_4h_donchian_20_10_atr4,2025-05-08T12:00:00+08:00,4996.471535905,3.528464095000345,0.0705692819000069
v3_4h_donchian_20_10_atr4,2025-05-29T16:00:00+08:00,4996.241352155,3.7586478450002687,0.07517295690000537
v3_4h_donchian_20_10_atr4,2025-06-01T20:00:00+08:00,4996.8265804,3.173419599999761,0.06346839199999522
v3_4h_donchian_20_10_atr4,2025-06-02T12:00:00+08:00,4997.37967993,2.6203200700001616,0.05240640140000323
v3_4h_donchian_20_10_atr4,2025-06-03T08:00:00+08:00,4996.99892093,3.0010790699998324,0.060021581399996644
v3_4h_donchian_20_10_atr4,2025-06-08T04:00:00+08:00,4996.99608788,3.003912119999768,0.06007824239999537
v3_4h_donchian_20_10_atr4,2025-06-10T00:00:00+08:00,4996.31524192,3.6847580800003925,0.07369516160000786
v3_4h_donchian_20_10_atr4,2025-06-10T08:00:00+08:00,4996.048444575,3.9515554250001514,0.07903110850000303
v3_4h_donchian_20_10_atr4,2025-06-12T16:00:00+08:00,4995.796843885,4.203156114999729,0.08406312229999457
v3_4h_donchian_20_10_atr4,2025-06-12T16:00:00+08:00,4995.8020924,4.19790759999978,0.08395815199999561
v3_4h_donchian_20_10_atr4,2025-06-13T08:00:00+08:00,4995.66570372,4.334296279999762,0.08668592559999524
v3_4h_donchian_20_10_atr4,2025-06-16T12:00:00+08:00,4995.6637505,4.336249500000122,0.08672499000000243
v3_4h_donchian_20_10_atr4,2025-06-16T16:00:00+08:00,4995.49984007,4.500159930000336,0.09000319860000672
v3_4h_donchian_20_10_atr4,2025-06-16T16:00:00+08:00,4995.382000195,4.617999805000181,0.09235999610000363
v3_4h_donchian_20_10_atr4,2025-06-18T00:00:00+08:00,4995.08326721,4.916732790000424,0.09833465580000847
v3_4h_donchian_20_10_atr4,2025-06-21T04:00:00+08:00,4995.06815416,4.931845840000278,0.09863691680000557
v3_4h_donchian_20_10_atr4,2025-06-24T08:00:00+08:00,4995.06514716,4.934852839999621,0.09869705679999242
v3_4h_donchian_20_10_atr4,2025-06-24T08:00:00+08:00,4994.96394712,5.03605288000017,0.10072105760000341
v3_4h_donchian_20_10_atr4,2025-06-24T08:00:00+08:00,4994.34470429,5.655295710000246,0.1131059142000049
v3_4h_donchian_20_10_atr4,2025-07-02T00:00:00+08:00,4994.33725073,5.662749269999949,0.113254985399999
v3_4h_donchian_20_10_atr4,2025-07-02T04:00:00+08:00,4994.24472775,5.7552722500004165,0.11510544500000833
v3_4h_donchian_20_10_atr4,2025-07-03T04:00:00+08:00,4994.10908475,5.890915250000035,0.11781830500000069
v3_4h_donchian_20_10_atr4,2025-07-05T00:00:00+08:00,4994.146102045,5.8538979550003205,0.1170779591000064
v3_4h_donchian_20_10_atr4,2025-07-09T16:00:00+08:00,4994.13435634,5.865643660000387,0.11731287320000773
v3_4h_donchian_20_10_atr4,2025-07-11T12:00:00+08:00,4993.91531649,6.084683510000104,0.12169367020000209
v3_4h_donchian_20_10_atr4,2025-07-21T08:00:00+08:00,4994.41771454,5.582285460000094,0.11164570920000187
v3_4h_donchian_20_10_atr4,2025-07-24T00:00:00+08:00,4995.459641965,4.540358035000281,0.09080716070000562
v3_4h_donchian_20_10_atr4,2025-07-24T00:00:00+08:00,4995.462899395,4.537100604999978,0.09074201209999955
v3_4h_donchian_20_10_atr4,2025-07-24T20:00:00+08:00,4995.375292545,4.624707455000134,0.09249414910000268
v3_4h_donchian_20_10_atr4,2025-08-04T20:00:00+08:00,4995.377897075,4.622102925000036,0.09244205850000072
v3_4h_donchian_20_10_atr4,2025-08-05T04:00:00+08:00,4995.28385939,4.716140610000366,0.09432281220000732
v3_4h_donchian_20_10_atr4,2025-08-05T04:00:00+08:00,4995.33446219,4.665537810000387,0.09331075620000774
v3_4h_donchian_20_10_atr4,2025-08-15T00:00:00+08:00,4995.38758145,4.612418550000257,0.09224837100000513
v3_4h_donchian_20_10_atr4,2025-08-15T00:00:00+08:00,4995.25325045,4.746749549999549,0.09493499099999099
v3_4h_donchian_20_10_atr4,2025-08-18T20:00:00+08:00,4995.593348305,4.406651694999709,0.08813303389999419
v3_4h_donchian_20_10_atr4,2025-08-23T00:00:00+08:00,4995.28312116,4.7168788400003905,0.09433757680000782
v3_4h_donchian_20_10_atr4,2025-08-23T04:00:00+08:00,4995.10416563,4.895834369999648,0.09791668739999296
v3_4h_donchian_20_10_atr4,2025-08-25T16:00:00+08:00,4995.08750163,4.912498370000321,0.09824996740000642
v3_4h_donchian_20_10_atr4,2025-08-25T16:00:00+08:00,4995.08032343,4.919676569999865,0.09839353139999729
v3_4h_donchian_20_10_atr4,2025-08-26T04:00:00+08:00,4995.053904315,4.946095684999818,0.09892191369999637
v3_4h_donchian_20_10_atr4,2025-08-28T16:00:00+08:00,4994.701305515,5.298694484999942,0.10597388969999884
v3_4h_donchian_20_10_atr4,2025-09-04T00:00:00+08:00,4994.69315834,5.306841659999918,0.10613683319999838
v3_4h_donchian_20_10_atr4,2025-09-04T00:00:00+08:00,4994.306304445,5.693695554999977,0.11387391109999953
v3_4h_donchian_20_10_atr4,2025-09-05T00:00:00+08:00,4994.29271999,5.7072800100004315,0.11414560020000863
v3_4h_donchian_20_10_atr4,2025-09-15T00:00:00+08:00,4994.29513844,5.704861559999699,0.11409723119999399
v3_4h_donchian_20_10_atr4,2025-09-15T12:00:00+08:00,4994.48080594,5.519194059999791,0.11038388119999581
v3_4h_donchian_20_10_atr4,2025-09-18T04:00:00+08:00,4994.17973019,5.8202698100003545,0.11640539620000709
v3_4h_donchian_20_10_atr4,2025-09-22T16:00:00+08:00,4994.29294219,5.707057810000151,0.11414115620000302
v3_4h_donchian_20_10_atr4,2025-09-29T08:00:00+08:00,4994.312445875,5.687554125000133,0.11375108250000267
v3_4h_donchian_20_10_atr4,2025-09-29T08:00:00+08:00,4994.49200029,5.507999710000149,0.11015999420000298
v3_4h_donchian_20_10_atr4,2025-09-30T23:59:00+08:00,4994.64533234,5.354667659999905,0.1070933531999981
v3_4h_donchian_20_10_atr4,2025-09-30T23:59:00+08:00,4994.616850825,5.383149174999744,0.10766298349999487
v3_4h_donchian_20_10_atr4,2025-09-30T23:59:00+08:00,4994.61186676,5.388133239999661,0.1077626647999932
v3_4h_donchian_55_20_atr4,2025-01-13T16:00:00+08:00,5000.0,0.0,0.0
v3_4h_donchian_55_20_atr4,2025-01-15T00:00:00+08:00,4999.98922375,0.01077625000016269,0.00021552500000325382
v3_4h_donchian_55_20_atr4,2025-01-16T00:00:00+08:00,4999.098380215,0.9016197849996388,0.018032395699992775
v3_4h_donchian_55_20_atr4,2025-01-16T04:00:00+08:00,4998.555966515,1.4440334849996361,0.028880669699992725
v3_4h_donchian_55_20_atr4,2025-01-25T08:00:00+08:00,4998.084731765,1.9152682350004397,0.038305364700008795
v3_4h_donchian_55_20_atr4,2025-01-27T08:00:00+08:00,4998.0955592,1.9044407999999748,0.0380888159999995
v3_4h_donchian_55_20_atr4,2025-01-27T12:00:00+08:00,4997.63929418,2.3607058199995663,0.047214116399991325
v3_4h_donchian_55_20_atr4,2025-02-11T16:00:00+08:00,4997.64931253,2.3506874699996843,0.047013749399993685
v3_4h_donchian_55_20_atr4,2025-02-17T20:00:00+08:00,4997.86646555,2.1335344500002975,0.04267068900000595
v3_4h_donchian_55_20_atr4,2025-03-03T04:00:00+08:00,4998.403986615,1.596013385000333,0.03192026770000666
v3_4h_donchian_55_20_atr4,2025-03-03T04:00:00+08:00,4998.40210794,1.5978920600000492,0.03195784120000098
v3_4h_donchian_55_20_atr4,2025-03-03T04:00:00+08:00,4998.435672995,1.5643270050004503,0.03128654010000901
v3_4h_donchian_55_20_atr4,2025-03-14T20:00:00+08:00,4998.422198715,1.577801284999623,0.03155602569999246
v3_4h_donchian_55_20_atr4,2025-03-19T20:00:00+08:00,4998.469466835,1.5305331649997242,0.030610663299994484
v3_4h_donchian_55_20_atr4,2025-03-28T16:00:00+08:00,4998.463659265,1.5363407349996123,0.030726814699992246
v3_4h_donchian_55_20_atr4,2025-03-29T20:00:00+08:00,4997.98775156,2.012248439999894,0.04024496879999788
v3_4h_donchian_55_20_atr4,2025-04-02T00:00:00+08:00,4997.980841755,2.019158244999744,0.04038316489999488
v3_4h_donchian_55_20_atr4,2025-04-10T04:00:00+08:00,4997.98328419,2.016715810000278,0.040334316200005556
v3_4h_donchian_55_20_atr4,2025-04-10T04:00:00+08:00,4997.69042887,2.309571130000222,0.046191422600004445
v3_4h_donchian_55_20_atr4,2025-04-14T20:00:00+08:00,4997.638950315,2.3610496849996707,0.04722099369999341
v3_4h_donchian_55_20_atr4,2025-05-01T00:00:00+08:00,4997.638389185,2.361610814999949,0.047232216299998984
v3_4h_donchian_55_20_atr4,2025-05-05T12:00:00+08:00,4998.307064935,1.6929350649998014,0.033858701299996026
v3_4h_donchian_55_20_atr4,2025-05-08T12:00:00+08:00,4998.29893377,1.701066229999924,0.03402132459999848
v3_4h_donchian_55_20_atr4,2025-05-17T12:00:00+08:00,4998.297928385,1.7020716150000226,0.03404143230000045
v3_4h_donchian_55_20_atr4,2025-06-01T20:00:00+08:00,4998.993161605,1.006838395000159,0.020136767900003176
v3_4h_donchian_55_20_atr4,2025-06-02T12:00:00+08:00,4999.546261135,0.4537388649996501,0.009074777299993002
v3_4h_donchian_55_20_atr4,2025-06-08T12:00:00+08:00,4999.557139815,0.442860185000427,0.00885720370000854
v3_4h_donchian_55_20_atr4,2025-06-10T08:00:00+08:00,4999.29034247,0.7096575300001859,0.014193150600003718
v3_4h_donchian_55_20_atr4,2025-06-13T08:00:00+08:00,4998.972305015,1.0276949850003803,0.020553899700007604
v3_4h_donchian_55_20_atr4,2025-06-13T12:00:00+08:00,4998.959526385,1.0404736150003373,0.020809472300006744
v3_4h_donchian_55_20_atr4,2025-06-13T12:00:00+08:00,4998.693602505,1.3063974950000556,0.026127949900001113
v3_4h_donchian_55_20_atr4,2025-06-16T04:00:00+08:00,4998.591417255,1.408582744999876,0.02817165489999752
v3_4h_donchian_55_20_atr4,2025-06-24T08:00:00+08:00,4998.588410255,1.4115897450001285,0.028231794900002567
v3_4h_donchian_55_20_atr4,2025-06-25T12:00:00+08:00,4997.87010792,2.1298920799999905,0.04259784159999981
v3_4h_donchian_55_20_atr4,2025-06-26T12:00:00+08:00,4997.6903086,2.3096913999997923,0.04619382799999584
v3_4h_donchian_55_20_atr4,2025-07-21T08:00:00+08:00,4998.444562515,1.5554374849998567,0.03110874969999713
v3_4h_donchian_55_20_atr4,2025-07-25T12:00:00+08:00,4997.351760015,2.6482399850001457,0.05296479970000292
v3_4h_donchian_55_20_atr4,2025-07-30T00:00:00+08:00,4997.37612542,2.6238745800001197,0.052477491600002396
v3_4h_donchian_55_20_atr4,2025-08-01T08:00:00+08:00,4998.49726322,1.5027367800003049,0.0300547356000061
v3_4h_donchian_55_20_atr4,2025-08-04T20:00:00+08:00,4998.48439549,1.5156045100002302,0.030312090200004603
v3_4h_donchian_55_20_atr4,2025-08-07T20:00:00+08:00,4998.167082215,1.8329177850000633,0.03665835570000126
v3_4h_donchian_55_20_atr4,2025-08-10T16:00:00+08:00,4997.86221917,2.137780830000338,0.042755616600006756
v3_4h_donchian_55_20_atr4,2025-08-16T00:00:00+08:00,4997.33398909,2.6660109100002956,0.05332021820000591
v3_4h_donchian_55_20_atr4,2025-08-18T20:00:00+08:00,4997.54801394,2.4519860600003085,0.049039721200006166
v3_4h_donchian_55_20_atr4,2025-08-23T00:00:00+08:00,4996.951769875,3.048230125000373,0.060964602500007466
v3_4h_donchian_55_20_atr4,2025-08-23T04:00:00+08:00,4996.47387389,3.526126110000405,0.0705225222000081
v3_4h_donchian_55_20_atr4,2025-08-26T08:00:00+08:00,4996.514991335,3.4850086650003504,0.06970017330000701
v3_4h_donchian_55_20_atr4,2025-08-29T16:00:00+08:00,4996.055963585,3.944036414999573,0.07888072829999146
v3_4h_donchian_55_20_atr4,2025-09-04T00:00:00+08:00,4995.78113365,4.2188663500000985,0.08437732700000197
v3_4h_donchian_55_20_atr4,2025-09-15T12:00:00+08:00,4995.25044315,4.749556849999863,0.09499113699999726
v3_4h_donchian_55_20_atr4,2025-09-15T20:00:00+08:00,4995.236730235,4.763269764999677,0.09526539529999353
v3_4h_donchian_55_20_atr4,2025-09-22T12:00:00+08:00,4994.857531055,5.142468944999564,0.10284937889999128
v3_4h_donchian_55_20_atr4,2025-09-22T16:00:00+08:00,4994.932624005,5.067375994999566,0.10134751989999131
v3_4h_donchian_55_20_atr4,2025-09-29T08:00:00+08:00,4995.11217842,4.8878215799995814,0.09775643159999163
v3_4h_donchian_55_20_atr4,2025-09-29T08:00:00+08:00,4995.117849025,4.882150974999604,0.09764301949999207
v3_4h_donchian_55_20_atr4,2025-09-30T23:59:00+08:00,4995.271181075,4.728818925000269,0.09457637850000537
v3_4h_donchian_55_with_risk_filters,2025-01-13T16:00:00+08:00,5000.0,0.0,0.0
v3_4h_donchian_55_with_risk_filters,2025-01-15T00:00:00+08:00,4999.98922375,0.01077625000016269,0.00021552500000325382
v3_4h_donchian_55_with_risk_filters,2025-01-27T08:00:00+08:00,4999.992267295,0.00773270500030776,0.00015465410000615519
v3_4h_donchian_55_with_risk_filters,2025-03-28T16:00:00+08:00,4999.985039015,0.014960984999561333,0.00029921969999122664
v3_4h_donchian_55_with_risk_filters,2025-05-08T12:00:00+08:00,4999.97690785,0.023092149999683897,0.00046184299999367794
v3_4h_donchian_55_with_risk_filters,2025-05-17T12:00:00+08:00,4999.963916475,0.03608352500032197,0.0007216705000064395
v3_4h_donchian_55_with_risk_filters,2025-06-08T12:00:00+08:00,4999.974795155,0.02520484500018938,0.0005040969000037875
v3_4h_donchian_55_with_risk_filters,2025-06-24T08:00:00+08:00,4999.971788155,0.028211845000441826,0.0005642369000088365
v3_4h_donchian_55_with_risk_filters,2025-07-21T08:00:00+08:00,5000.72604207,0.0,0.0
v3_4h_donchian_55_with_risk_filters,2025-07-25T12:00:00+08:00,5001.03193857,0.0,0.0
v3_4h_donchian_55_with_risk_filters,2025-08-01T08:00:00+08:00,5001.52076037,0.0,0.0
v3_4h_donchian_55_with_risk_filters,2025-08-07T20:00:00+08:00,5001.095820935,0.424939434999942,0.008496204561760253
v3_4h_donchian_55_with_risk_filters,2025-09-15T20:00:00+08:00,5001.08210802,0.43865234999975655,0.008770379470889293
v3_4h_donchian_55_with_risk_filters,2025-09-29T08:00:00+08:00,5001.261662435,0.2590979349997724,0.005180383075738848
v3_4h_ema_50_200_atr4,2025-01-01T08:00:00+08:00,5000.0,0.0,0.0
v3_4h_ema_50_200_atr4,2025-01-01T12:00:00+08:00,4999.965827,0.03417300000000978,0.0006834600000001956
v3_4h_ema_50_200_atr4,2025-01-02T00:00:00+08:00,4999.87400282,0.12599718000001303,0.0025199436000002606
v3_4h_ema_50_200_atr4,2025-01-02T00:00:00+08:00,4999.867909395,0.1320906049995756,0.002641812099991512
v3_4h_ema_50_200_atr4,2025-01-02T04:00:00+08:00,4999.86346262,0.1365373799999361,0.002730747599998722
v3_4h_ema_50_200_atr4,2025-01-02T08:00:00+08:00,4999.81034162,0.18965837999985524,0.0037931675999971046
v3_4h_ema_50_200_atr4,2025-01-08T00:00:00+08:00,4999.82274894,0.1772510600003443,0.0035450212000068862
v3_4h_ema_50_200_atr4,2025-01-08T04:00:00+08:00,5000.09635744,0.0,0.0
v3_4h_ema_50_200_atr4,2025-01-08T04:00:00+08:00,5000.209230785,0.0,0.0
v3_4h_ema_50_200_atr4,2025-01-15T00:00:00+08:00,5000.201013255,0.00821752999945602,0.00016434372283589263
v3_4h_ema_50_200_atr4,2025-01-15T12:00:00+08:00,5000.19705988,0.012170904999948107,0.00024340791431316474
v3_4h_ema_50_200_atr4,2025-01-16T00:00:00+08:00,5000.089940775,0.11929000999953132,0.002385700367598489
v3_4h_ema_50_200_atr4,2025-01-16T00:00:00+08:00,4999.996817475,0.21241330999964703,0.004248088433817389
v3_4h_ema_50_200_atr4,2025-01-20T08:00:00+08:00,5000.106123975,0.10310681000009936,0.0020620499111376643
v3_4h_ema_50_200_atr4,2025-01-20T16:00:00+08:00,4999.994249725,0.21498105999944528,0.004299441284893886
v3_4h_ema_50_200_atr4,2025-01-21T16:00:00+08:00,4999.583434725,0.6257960599996295,0.01251539747870478
v3_4h_ema_50_200_atr4,2025-01-22T04:00:00+08:00,4999.498062495,0.7111682899994776,0.014222770631696724
v3_4h_ema_50_200_atr4,2025-01-22T08:00:00+08:00,4999.365781745,0.8434490399995411,0.016868274927509887
v3_4h_ema_50_200_atr4,2025-01-22T20:00:00+08:00,4999.32626193,0.8829688549994898,0.017658638153845205
v3_4h_ema_50_200_atr4,2025-01-23T12:00:00+08:00,4999.63854653,0.5706842549998328,0.01141320750112369
v3_4h_ema_50_200_atr4,2025-01-24T08:00:00+08:00,4999.49270778,0.7165230049995444,0.014329860450400692
v3_4h_ema_50_200_atr4,2025-01-27T08:00:00+08:00,4999.50774732,0.7014834649999102,0.014029082236820357
v3_4h_ema_50_200_atr4,2025-01-27T08:00:00+08:00,4999.32755657,0.8816742150002028,0.0176327464373283
v3_4h_ema_50_200_atr4,2025-01-27T08:00:00+08:00,4999.18185565,1.0273751349996019,0.02054664290194734
v3_4h_ema_50_200_atr4,2025-01-30T20:00:00+08:00,4999.18756441,1.0216663749997679,0.02043247247954408
v3_4h_ema_50_200_atr4,2025-01-31T08:00:00+08:00,4999.15506516,1.0541656249997686,0.021082430281307882
v3_4h_ema_50_200_atr4,2025-02-01T04:00:00+08:00,4999.037338085,1.1718927000001713,0.02343687325692553
v3_4h_ema_50_200_atr4,2025-02-02T00:00:00+08:00,4999.036493155,1.172737629999574,0.023453771149801704
v3_4h_ema_50_200_atr4,2025-02-04T12:00:00+08:00,4998.90699282,1.3022379650001312,0.02604366947252102
v3_4h_ema_50_200_atr4,2025-02-11T16:00:00+08:00,4999.57049457,0.6387362149998808,0.012774189749247822
v3_4h_ema_50_200_atr4,2025-02-11T16:00:00+08:00,4999.569948205,0.6392825799994171,0.01278511659199217
v3_4h_ema_50_200_atr4,2025-02-13T00:00:00+08:00,4999.111592005,1.0976387800001248,0.02195185699914807
v3_4h_ema_50_200_atr4,2025-02-13T08:00:00+08:00,4999.591773605,0.6174571800002013,0.012348626857425818
v3_4h_ema_50_200_atr4,2025-02-13T08:00:00+08:00,4999.483185605,0.7260451800002556,0.014520295981419788
v3_4h_ema_50_200_atr4,2025-02-14T12:00:00+08:00,4999.44791875,0.7613120349997189,0.015225603566997094
v3_4h_ema_50_200_atr4,2025-02-14T20:00:00+08:00,4999.41674005,0.7924907349997738,0.015849151473914583
v3_4h_ema_50_200_atr4,2025-02-15T00:00:00+08:00,4999.417434975,0.7917958099997122,0.01583525355548783
v3_4h_ema_50_200_atr4,2025-02-15T00:00:00+08:00,4999.36693732,0.8422934649997842,0.016845164394601736
v3_4h_ema_50_200_atr4,2025-02-15T04:00:00+08:00,4999.27736569,0.931865094999921,0.018636522033171486
v3_4h_ema_50_200_atr4,2025-02-16T20:00:00+08:00,4999.263551425,0.9456793600002129,0.018912795772183067
v3_4h_ema_50_200_atr4,2025-02-16T20:00:00+08:00,4999.262780235,0.9464505500000087,0.018928218926779233
v3_4h_ema_50_200_atr4,2025-02-17T20:00:00+08:00,4999.195575505,1.0136552799995115,0.020272257283929184
v3_4h_ema_50_200_atr4,2025-02-17T20:00:00+08:00,4999.190124115,1.0191066699999283,0.020381280521733994
v3_4h_ema_50_200_atr4,2025-02-20T08:00:00+08:00,4999.128170185,1.081060599999546,0.021620307273218377
v3_4h_ema_50_200_atr4,2025-02-21T20:00:00+08:00,4999.121787495,1.0874432900000102,0.021747955731630228
v3_4h_ema_50_200_atr4,2025-02-24T08:00:00+08:00,4999.197743045,1.0114877400001205,0.020228908297929837
v3_4h_ema_50_200_atr4,2025-03-03T04:00:00+08:00,4999.513265545,0.6959652400000778,0.01391872235496065
v3_4h_ema_50_200_atr4,2025-03-03T04:00:00+08:00,4999.526909105,0.6823216799994043,0.013645862573080453
v3_4h_ema_50_200_atr4,2025-03-03T04:00:00+08:00,4999.79044723,0.4187835550001182,0.008375320625020565
v3_4h_ema_50_200_atr4,2025-03-05T16:00:00+08:00,4999.784085835,0.42514494999977614,0.008502543201237825
v3_4h_ema_50_200_atr4,2025-03-06T12:00:00+08:00,4999.723626835,0.48560395000004064,0.0097116726038243
v3_4h_ema_50_200_atr4,2025-03-06T20:00:00+08:00,4999.80759553,0.4016352549997464,0.008032368976221668
v3_4h_ema_50_200_atr4,2025-03-06T20:00:00+08:00,4999.83946303,0.36976775499988435,0.007395045645756573
v3_4h_ema_50_200_atr4,2025-03-15T00:00:00+08:00,4999.95238368,0.25684710499990615,0.005136727147707434
v3_4h_ema_50_200_atr4,2025-03-15T20:00:00+08:00,4999.950614205,0.2586165799993978,0.005172115166844662
v3_4h_ema_50_200_atr4,2025-03-16T00:00:00+08:00,5000.244696205,0.0,0.0
v3_4h_ema_50_200_atr4,2025-03-16T16:00:00+08:00,5000.243015355,0.001680849999502243,3.361535488009108e-05
v3_4h_ema_50_200_atr4,2025-03-18T04:00:00+08:00,5000.244762605,0.0,0.0
v3_4h_ema_50_200_atr4,2025-03-18T04:00:00+08:00,5000.23859429,0.006168314999740687,0.00012336026119903686
v3_4h_ema_50_200_atr4,2025-03-19T20:00:00+08:00,5000.465882355,0.0,0.0
v3_4h_ema_50_200_atr4,2025-03-20T00:00:00+08:00,5000.439372355,0.02650999999968917,0.0005301506024315503
v3_4h_ema_50_200_atr4,2025-03-20T00:00:00+08:00,5000.436639355,0.02924299999995128,0.0005848055098853931
v3_4h_ema_50_200_atr4,2025-03-21T08:00:00+08:00,5000.327769375,0.13811298000018724,0.002762002246381533
v3_4h_ema_50_200_atr4,2025-03-21T20:00:00+08:00,5000.303990045,0.16189230999952997,0.0032375445370159354
v3_4h_ema_50_200_atr4,2025-03-22T20:00:00+08:00,5000.287593195,0.17828915999962192,0.0035654509838522392
v3_4h_ema_50_200_atr4,2025-03-22T20:00:00+08:00,5000.285611785,0.1802705700001752,0.0036050754917914905
v3_4h_ema_50_200_atr4,2025-03-23T04:00:00+08:00,5000.273816335,0.19206601999940176,0.003840962512655863
v3_4h_ema_50_200_atr4,2025-03-23T12:00:00+08:00,5000.23316863,0.23271372499948484,0.004653840871520693
v3_4h_ema_50_200_atr4,2025-03-23T12:00:00+08:00,5000.20837338,0.25750897499983694,0.005149699669154857
v3_4h_ema_50_200_atr4,2025-03-23T20:00:00+08:00,5000.21065838,0.2552239750002627,0.005104003926931373
v3_4h_ema_50_200_atr4,2025-03-27T12:00:00+08:00,5000.18803666,0.27784569499999634,0.005556396174612899
v3_4h_ema_50_200_atr4,2025-04-02T00:00:00+08:00,5000.281979635,0.18390271999942343,0.003677711723788691
v3_4h_ema_50_200_atr4,2025-04-02T00:00:00+08:00,5000.344196135,0.12168621999990137,0.0024334976552743224
v3_4h_ema_50_200_atr4,2025-04-02T00:00:00+08:00,5000.34560217,0.12028018499950122,0.002405379575209791
v3_4h_ema_50_200_atr4,2025-04-03T00:00:00+08:00,5000.32910247,0.13677988499966887,0.0027353428304014655
v3_4h_ema_50_200_atr4,2025-04-03T00:00:00+08:00,5000.28636197,0.17952038499970513,0.00359007318964366
v3_4h_ema_50_200_atr4,2025-04-10T04:00:00+08:00,5000.300258675,0.1656236799999533,0.003312164984154473
v3_4h_ema_50_200_atr4,2025-04-10T04:00:00+08:00,5000.281276575,0.18460577999940142,0.003691771613737322
v3_4h_ema_50_200_atr4,2025-04-11T12:00:00+08:00,5000.263629925,0.20225243000004411,0.004044671731762563
v3_4h_ema_50_200_atr4,2025-04-11T16:00:00+08:00,5000.245568675,0.22031367999989016,0.004405863077224559
v3_4h_ema_50_200_atr4,2025-04-13T00:00:00+08:00,5000.38349219,0.08239016500010621,0.0016476497778103838
v3_4h_ema_50_200_atr4,2025-04-14T12:00:00+08:00,5000.37428546,0.09159689500029344,0.0018317672224003924
v3_4h_ema_50_200_atr4,2025-04-15T12:00:00+08:00,5000.36567846,0.10020389500004967,0.0020038911844921545
v3_4h_ema_50_200_atr4,2025-04-15T12:00:00+08:00,5000.34932681,0.11655554499975551,0.00233089371554442
v3_4h_ema_50_200_atr4,2025-04-17T16:00:00+08:00,5000.34680192,0.11908043499988707,0.002381386810778627
v3_4h_ema_50_200_atr4,2025-04-18T08:00:00+08:00,5000.345686985,0.1201953700001468,0.0024036834332632232
v3_4h_ema_50_200_atr4,2025-04-19T04:00:00+08:00,5000.362596735,0.10328561999995145,0.0020655199421400405
v3_4h_ema_50_200_atr4,2025-04-19T12:00:00+08:00,5000.339511485,0.12637086999984604,0.0025271819261034716
v3_4h_ema_50_200_atr4,2025-04-20T00:00:00+08:00,5000.349436545,0.11644581000018661,0.0023286992200283897
v3_4h_ema_50_200_atr4,2025-04-20T12:00:00+08:00,5000.334357795,0.13152455999988888,0.0026302461229461803
v3_4h_ema_50_200_atr4,2025-04-21T12:00:00+08:00,5000.298271545,0.16761081000004197,0.0033519038814260366
v3_4h_ema_50_200_atr4,2025-04-21T12:00:00+08:00,5000.255675015,0.21020734000012453,0.004203755108936492
v3_4h_ema_50_200_atr4,2025-04-22T16:00:00+08:00,5000.20542622,0.26045613499991305,0.005208637377548703
v3_4h_ema_50_200_atr4,2025-04-30T08:00:00+08:00,5000.27610147,0.189780884999891,0.0037952640706852008
v3_4h_ema_50_200_atr4,2025-04-30T16:00:00+08:00,5000.25632902,0.20955333500023698,0.00419067622758275
v3_4h_ema_50_200_atr4,2025-05-01T00:00:00+08:00,5000.251335675,0.21454668000023958,0.0042905338232044395
v3_4h_ema_50_200_atr4,2025-05-01T00:00:00+08:00,5000.191287175,0.27459517999977834,0.005491391931474515
v3_4h_ema_50_200_atr4,2025-05-03T20:00:00+08:00,5000.185513525,0.2803688300000431,0.0056068541731156
v3_4h_ema_50_200_atr4,2025-05-04T08:00:00+08:00,5000.155746025,0.3101363300002049,0.006202148705675087
v3_4h_ema_50_200_atr4,2025-05-05T08:00:00+08:00,5000.84320238,0.0,0.0
v3_4h_ema_50_200_atr4,2025-05-05T08:00:00+08:00,5000.862596315,0.0,0.0
v3_4h_ema_50_200_atr4,2025-05-05T20:00:00+08:00,5000.83559262,0.027003694999621075,0.00053998074291262
v3_4h_ema_50_200_atr4,2025-05-06T12:00:00+08:00,5000.824192945,0.038403370000196446,0.0007679349164381132
v3_4h_ema_50_200_atr4,2025-05-07T12:00:00+08:00,5000.815827795,0.04676852000011422,0.000935209058424774
v3_4h_ema_50_200_atr4,2025-05-08T00:00:00+08:00,5000.798363995,0.0642323199999737,0.0012844248119775327
v3_4h_ema_50_200_atr4,2025-05-08T04:00:00+08:00,5000.77622785,0.08636846499939566,0.0017270713469119954
v3_4h_ema_50_200_atr4,2025-05-11T04:00:00+08:00,5000.2906959,0.5719004149996181,0.011436035363599792
v3_4h_ema_50_200_atr4,2025-05-16T04:00:00+08:00,5000.28431122,0.5782850949999556,0.011563706937800657
v3_4h_ema_50_200_atr4,2025-05-16T08:00:00+08:00,5000.24760547,0.6149908449997383,0.012297695310663175
v3_4h_ema_50_200_atr4,2025-05-17T08:00:00+08:00,5000.23082532,0.6317709949998971,0.01263324042267092
v3_4h_ema_50_200_atr4,2025-05-17T12:00:00+08:00,5000.19763032,0.664965994999875,0.013297025906887952
v3_4h_ema_50_200_atr4,2025-05-19T04:00:00+08:00,5000.729682735,0.13291357999969478,0.0026578130760408253
v3_4h_ema_50_200_atr4,2025-05-19T12:00:00+08:00,5000.703474735,0.15912157999991905,0.003181882663946245
v3_4h_ema_50_200_atr4,2025-05-19T12:00:00+08:00,5000.591530455,0.27106585999990784,0.005420382079676593
v3_4h_ema_50_200_atr4,2025-05-19T20:00:00+08:00,5001.37659404,0.0,0.0
v3_4h_ema_50_200_atr4,2025-05-20T20:00:00+08:00,5001.36888629,0.007707750000008673,0.0001541125699111277
v3_4h_ema_50_200_atr4,2025-05-24T08:00:00+08:00,5001.42609211,0.0,0.0
v3_4h_ema_50_200_atr4,2025-05-24T08:00:00+08:00,5001.43585011,0.0,0.0
v3_4h_ema_50_200_atr4,2025-05-25T08:00:00+08:00,5001.41449136,0.021358749999308202,0.0004270523633495858
v3_4h_ema_50_200_atr4,2025-05-25T12:00:00+08:00,5001.39035986,0.04549024999960238,0.0009095438062771892
v3_4h_ema_50_200_atr4,2025-05-26T00:00:00+08:00,5001.59631082,0.0,0.0
v3_4h_ema_50_200_atr4,2025-05-27T04:00:00+08:00,5001.57116232,0.025148499999886553,0.0005028094719576342
v3_4h_ema_50_200_atr4,2025-05-27T12:00:00+08:00,5001.55672107,0.039589750000232016,0.0007915422905000778
v3_4h_ema_50_200_atr4,2025-05-29T00:00:00+08:00,5001.37643629,0.2198745300001974,0.004396087095724635
v3_4h_ema_50_200_atr4,2025-05-29T00:00:00+08:00,5001.371789875,0.22452094500022213,0.0044889857367039765
v3_4h_ema_50_200_atr4,2025-05-29T16:00:00+08:00,5001.33708355,0.25922727000033774,0.005182890699106382
v3_4h_ema_50_200_atr4,2025-05-29T16:00:00+08:00,5001.33456458,0.26174624000032054,0.005233254020003223
v3_4h_ema_50_200_atr4,2025-05-30T00:00:00+08:00,5001.03747255,0.558838270000706,0.011173198220571418
v3_4h_ema_50_200_atr4,2025-05-30T00:00:00+08:00,5001.03211672,0.5641941000003499,0.011280280633201514
v3_4h_ema_50_200_atr4,2025-05-31T00:00:00+08:00,5001.0757446,0.5205662200005463,0.01040800151892308
v3_4h_ema_50_200_atr4,2025-06-04T00:00:00+08:00,5000.98326965,0.6130411700005425,0.012256910232326121
v3_4h_ema_50_200_atr4,2025-06-06T00:00:00+08:00,5000.97501185,0.6212989700006801,0.01242201352109562
v3_4h_ema_50_200_atr4,2025-06-08T12:00:00+08:00,5000.97597549,0.6203353300006711,0.012402746872207455
v3_4h_ema_50_200_atr4,2025-06-09T04:00:00+08:00,5000.93854944,0.6577613800000108,0.01315102897403114
v3_4h_ema_50_200_atr4,2025-06-10T00:00:00+08:00,5000.93539216,0.6609186599998793,0.01321415442046188
v3_4h_ema_50_200_atr4,2025-06-10T08:00:00+08:00,5000.91995191,0.67635891000009,0.013522860862179468
v3_4h_ema_50_200_atr4,2025-06-12T16:00:00+08:00,5000.935834895,0.6604759250003553,0.013205302546539824
v3_4h_ema_50_200_atr4,2025-06-13T08:00:00+08:00,5000.995244065,0.6010667549999198,0.012017498367463733
v3_4h_ema_50_200_atr4,2025-06-16T04:00:00+08:00,5001.163423565,0.43288725500042347,0.008654981891760324
v3_4h_ema_50_200_atr4,2025-06-16T08:00:00+08:00,5001.220666065,0.37564475500039407,0.007510497282392788
v3_4h_ema_50_200_atr4,2025-06-16T16:00:00+08:00,5001.22337782,0.3729330000005575,0.007456279492085119
v3_4h_ema_50_200_atr4,2025-06-17T08:00:00+08:00,5001.123269075,0.4730417450000459,0.009457815377396817
v3_4h_ema_50_200_atr4,2025-06-17T20:00:00+08:00,5000.96202731,0.6342835100003867,0.012681621438104376
v3_4h_ema_50_200_atr4,2025-06-24T08:00:00+08:00,5000.968765435,0.6275453850003032,0.012546901948938349
v3_4h_ema_50_200_atr4,2025-06-24T08:00:00+08:00,5001.026992085,0.5693187350007065,0.011382740621611024
v3_4h_ema_50_200_atr4,2025-06-25T00:00:00+08:00,5000.99415746,0.6021533600005569,0.012039223531453605
v3_4h_ema_50_200_atr4,2025-06-25T08:00:00+08:00,5001.06846196,0.5278488600006312,0.010553607832338064
v3_4h_ema_50_200_atr4,2025-06-26T04:00:00+08:00,5001.06030621,0.5360046100004183,0.01071667077250666
v3_4h_ema_50_200_atr4,2025-06-26T04:00:00+08:00,5001.035098275,0.5612125450006715,0.011220668565085815
v3_4h_ema_50_200_atr4,2025-06-26T12:00:00+08:00,5000.961285935,0.6350248850003481,0.012696444205754727
v3_4h_ema_50_200_atr4,2025-06-28T00:00:00+08:00,5000.955053835,0.6412569849999272,0.01282104642497216
v3_4h_ema_50_200_atr4,2025-06-28T08:00:00+08:00,5000.952944335,0.6433664850001151,0.012863222959604202
v3_4h_ema_50_200_atr4,2025-06-28T12:00:00+08:00,5000.938617785,0.657693035000193,0.013149662510294953
v3_4h_ema_50_200_atr4,2025-06-28T16:00:00+08:00,5000.916995285,0.6793155350005691,0.013581974489444487
v3_4h_ema_50_200_atr4,2025-06-28T16:00:00+08:00,5000.904430995,0.6918798249998872,0.013833180088987531
v3_4h_ema_50_200_atr4,2025-06-29T00:00:00+08:00,5000.89010842,0.7062024000006204,0.014119540165064625
v3_4h_ema_50_200_atr4,2025-06-29T04:00:00+08:00,5000.87247992,0.7238309000003937,0.014471997638724332
v3_4h_ema_50_200_atr4,2025-06-29T16:00:00+08:00,5000.85684742,0.7394634000002043,0.01478454785326269
v3_4h_ema_50_200_atr4,2025-06-29T16:00:00+08:00,5000.842144335,0.7541664850004963,0.015078515700457488
v3_4h_ema_50_200_atr4,2025-07-01T20:00:00+08:00,5000.727057355,0.8692534649999288,0.017379520676618077
v3_4h_ema_50_200_atr4,2025-07-02T12:00:00+08:00,5000.708877605,0.8874332149998736,0.017742999631539254
v3_4h_ema_50_200_atr4,2025-07-02T16:00:00+08:00,5000.68528916,0.9110216600001877,0.01821461796165688
v3_4h_ema_50_200_atr4,2025-07-03T00:00:00+08:00,5000.63015691,0.9661539100006848,0.01931691104119289
v3_4h_ema_50_200_atr4,2025-07-03T00:00:00+08:00,5000.62704414,0.9692666800001462,0.019379146571731957
v3_4h_ema_50_200_atr4,2025-07-05T00:00:00+08:00,5000.650074445,0.9462363749998985,0.018918687478893418
v3_4h_ema_50_200_atr4,2025-07-05T04:00:00+08:00,5000.576409445,1.0199013750006998,0.020391517260086294
v3_4h_ema_50_200_atr4,2025-07-07T00:00:00+08:00,5000.572296915,1.0240139050001744,0.020473741608952236
v3_4h_ema_50_200_atr4,2025-07-07T00:00:00+08:00,5000.518705365,1.0776054550005938,0.021545230523091194
v3_4h_ema_50_200_atr4,2025-07-08T12:00:00+08:00,5000.400129015,1.1961818050003785,0.02391600062589352
v3_4h_ema_50_200_atr4,2025-07-08T16:00:00+08:00,5000.390038415,1.2062724050001634,0.024117748215517175
v3_4h_ema_50_200_atr4,2025-07-08T16:00:00+08:00,5000.38871556,1.207595260000744,0.02414419687147365
v3_4h_ema_50_200_atr4,2025-07-09T16:00:00+08:00,5000.28843506,1.3078757600005702,0.026149166760444664
v3_4h_ema_50_200_atr4,2025-07-19T00:00:00+08:00,5001.14426019,0.4520506300004854,0.009038127068003471
v3_4h_ema_50_200_atr4,2025-07-24T04:00:00+08:00,5001.181728865,0.414581955000358,0.008288992738248166
v3_4h_ema_50_200_atr4,2025-07-24T04:00:00+08:00,5001.224824615,0.3714862050001102,0.007427352827265779
v3_4h_ema_50_200_atr4,2025-07-25T08:00:00+08:00,5001.146860465,0.4494503550004083,0.008986138166091256
v3_4h_ema_50_200_atr4,2025-07-25T12:00:00+08:00,5001.01440662,0.581904200000281,0.011634369585994819
v3_4h_ema_50_200_atr4,2025-07-26T00:00:00+08:00,5001.00676676,0.5895440600006623,0.01178711801920711
v3_4h_ema_50_200_atr4,2025-07-29T00:00:00+08:00,5001.00606272,0.5902481000002808,0.01180119432516758
v3_4h_ema_50_200_atr4,2025-07-29T04:00:00+08:00,5000.92153827,0.6747725499999433,0.013491143788238198
v3_4h_ema_50_200_atr4,2025-07-29T20:00:00+08:00,5000.916603955,0.6797068650002984,0.01358979859149932
v3_4h_ema_50_200_atr4,2025-07-30T00:00:00+08:00,5000.833770935,0.7625398850004785,0.015245930251325339
v3_4h_ema_50_200_atr4,2025-07-30T08:00:00+08:00,5002.064965175,0.0,0.0
v3_4h_ema_50_200_atr4,2025-07-30T16:00:00+08:00,5002.057783525,0.007181650000347872,0.00014357370506675571
v3_4h_ema_50_200_atr4,2025-07-30T20:00:00+08:00,5001.980659955,0.08430521999980556,0.0016854083380913485
v3_4h_ema_50_200_atr4,2025-07-31T08:00:00+08:00,5001.993934535,0.07103063999966253,0.0014200263390057245
v3_4h_ema_50_200_atr4,2025-08-01T00:00:00+08:00,5001.920063535,0.14490164000017103,0.002896836426735644
v3_4h_ema_50_200_atr4,2025-08-01T04:00:00+08:00,5001.738772185,0.32619298999998136,0.006521166603612261
v3_4h_ema_50_200_atr4,2025-08-05T00:00:00+08:00,5001.734500155,0.3304650199997923,0.0066065719318027846
v3_4h_ema_50_200_atr4,2025-08-05T08:00:00+08:00,5001.678894905,0.38607027000034577,0.007718217829800595
v3_4h_ema_50_200_atr4,2025-08-05T12:00:00+08:00,5001.633145905,0.4318192700002328,0.008632820105428707
v3_4h_ema_50_200_atr4,2025-08-06T00:00:00+08:00,5001.566957955,0.4980072199996357,0.009956032627861175
v3_4h_ema_50_200_atr4,2025-08-07T00:00:00+08:00,5001.530785005,0.5341801699996722,0.010679192967678372
v3_4h_ema_50_200_atr4,2025-08-07T04:00:00+08:00,5001.585195755,0.47976941999968403,0.00959142720736133
v3_4h_ema_50_200_atr4,2025-08-07T12:00:00+08:00,5001.510137115,0.554828059999636,0.011091980289388846
v3_4h_ema_50_200_atr4,2025-08-07T16:00:00+08:00,5001.494445215,0.5705199599997286,0.011405688729989708
v3_4h_ema_50_200_atr4,2025-08-07T20:00:00+08:00,5001.385827465,0.6791377099998499,0.013577146932878547
v3_4h_ema_50_200_atr4,2025-08-09T04:00:00+08:00,5001.286651455,0.7783137200003694,0.015559848291037532
v3_4h_ema_50_200_atr4,2025-08-12T08:00:00+08:00,5001.226888705,0.838076469999578,0.016754609862814074
v3_4h_ema_50_200_atr4,2025-08-12T12:00:00+08:00,5001.215331405,0.8496337699998548,0.016985660440540278
v3_4h_ema_50_200_atr4,2025-08-12T20:00:00+08:00,5001.200095405,0.8648697700000412,0.017290254645258955
v3_4h_ema_50_200_atr4,2025-08-16T00:00:00+08:00,5001.240860375,0.8241047999999864,0.016475291819228792
v3_4h_ema_50_200_atr4,2025-08-16T00:00:00+08:00,5000.870689285,1.1942758900004264,0.02387565731982939
v3_4h_ema_50_200_atr4,2025-08-16T20:00:00+08:00,5000.86770341,1.1972617649998938,0.023935350167088584
v3_4h_ema_50_200_atr4,2025-08-16T20:00:00+08:00,5000.81637791,1.248587265000424,0.024961436400631424
v3_4h_ema_50_200_atr4,2025-08-18T12:00:00+08:00,5000.72892531,1.3360398650002026,0.026709766352533977
v3_4h_ema_50_200_atr4,2025-08-18T20:00:00+08:00,5001.317167175,0.7477980000003299,0.014949785842578871
v3_4h_ema_50_200_atr4,2025-08-20T00:00:00+08:00,5001.123772175,0.9411929999996573,0.018816089086254584
v3_4h_ema_50_200_atr4,2025-08-20T16:00:00+08:00,5001.022919425,1.0420457500003977,0.020832311400496597
v3_4h_ema_50_200_atr4,2025-08-21T12:00:00+08:00,5000.93232724,1.1326379350002753,0.02264340713057191
v3_4h_ema_50_200_atr4,2025-08-21T20:00:00+08:00,5000.90097439,1.163990785000351,0.0232702052673086
v3_4h_ema_50_200_atr4,2025-08-22T16:00:00+08:00,5000.89823464,1.1667305350001698,0.02332497764669378
v3_4h_ema_50_200_atr4,2025-08-23T00:00:00+08:00,5000.64522226,1.4197429149999152,0.028383136262410475
v3_4h_ema_50_200_atr4,2025-08-25T20:00:00+08:00,5000.671059295,1.3939058799996928,0.02786660888461544
v3_4h_ema_50_200_atr4,2025-08-26T04:00:00+08:00,5000.493235915,1.571729260000211,0.03142160829463004
v3_4h_ema_50_200_atr4,2025-08-26T04:00:00+08:00,5000.485021665,1.5799435099997936,0.03158582547407036
v3_4h_ema_50_200_atr4,2025-08-28T08:00:00+08:00,5000.39732522,1.6676399549996859,0.03333903031268093
v3_4h_ema_50_200_atr4,2025-08-28T16:00:00+08:00,5000.197999745,1.866965430000164,0.03732389409170433
v3_4h_ema_50_200_atr4,2025-08-29T00:00:00+08:00,5000.09752999,1.9674351849998857,0.03933245966810536
v3_4h_ema_50_200_atr4,2025-08-29T12:00:00+08:00,5000.089855185,1.9751099900004192,0.03948589240146582
v3_4h_ema_50_200_atr4,2025-09-01T08:00:00+08:00,5000.123870185,1.9410949900002379,0.03880587324463763
v3_4h_ema_50_200_atr4,2025-09-01T20:00:00+08:00,5000.081357735,1.9836074400000143,0.0396557712426795
v3_4h_ema_50_200_atr4,2025-09-02T12:00:00+08:00,5000.266977985,1.7979871899997306,0.03594489880714349
v3_4h_ema_50_200_atr4,2025-09-03T00:00:00+08:00,5000.253766585,1.8111985899995489,0.03620901772786518
v3_4h_ema_50_200_atr4,2025-09-03T00:00:00+08:00,5000.08643973,1.978525444999832,0.03955417330191777
v3_4h_ema_50_200_atr4,2025-09-03T08:00:00+08:00,5000.09978098,1.9651841949998925,0.03928745845329379
v3_4h_ema_50_200_atr4,2025-09-03T12:00:00+08:00,4999.98739121,2.0775739649998286,0.04153432591268122
v3_4h_ema_50_200_atr4,2025-09-04T00:00:00+08:00,4999.96520921,2.0997559650004405,0.04197778276810084
v3_4h_ema_50_200_atr4,2025-09-04T12:00:00+08:00,4999.89797984,2.1669853350003905,0.043321815092111214
v3_4h_ema_50_200_atr4,2025-09-04T16:00:00+08:00,4999.89146185,2.1735033249997286,0.043452121076633946
v3_4h_ema_50_200_atr4,2025-09-04T20:00:00+08:00,4999.8606738,2.204291375000139,0.04406762787662076
v3_4h_ema_50_200_atr4,2025-09-05T04:00:00+08:00,4999.85732875,2.2076364249996914,0.04413450125837092
v3_4h_ema_50_200_atr4,2025-09-05T16:00:00+08:00,4999.81114275,2.2538224250001804,0.04505783992594205
v3_4h_ema_50_200_atr4,2025-09-05T16:00:00+08:00,4999.449333675,2.615631499999836,0.052291034167092756
v3_4h_ema_50_200_atr4,2025-09-06T00:00:00+08:00,4999.33453687,2.730428304999805,0.05458602245291469
v3_4h_ema_50_200_atr4,2025-09-06T04:00:00+08:00,4999.29335137,2.7716138050000154,0.05540939240686269
v3_4h_ema_50_200_atr4,2025-09-06T08:00:00+08:00,4999.28801812,2.7769470550001643,0.05551601337314921
v3_4h_ema_50_200_atr4,2025-09-06T16:00:00+08:00,4999.27718392,2.7877812549995724,0.055732607921097646
v3_4h_ema_50_200_atr4,2025-09-07T08:00:00+08:00,4999.26050867,2.8044565050004167,0.0560659752427326
v3_4h_ema_50_200_atr4,2025-09-07T20:00:00+08:00,4999.19346748,2.8714976949995616,0.057406245520425794
v3_4h_ema_50_200_atr4,2025-09-09T04:00:00+08:00,4999.135551275,2.929413900000327,0.05856409143814149
v3_4h_ema_50_200_atr4,2025-09-10T00:00:00+08:00,4999.134360795,2.9306043799997497,0.05858789120899035
v3_4h_ema_50_200_atr4,2025-09-10T08:00:00+08:00,4999.132389445,2.9325757300002806,0.05862730193264659
v3_4h_ema_50_200_atr4,2025-09-15T12:00:00+08:00,4999.177986945,2.8869782299998406,0.05771572840615512
v3_4h_ema_50_200_atr4,2025-09-15T20:00:00+08:00,4999.179311545,2.885653629999979,0.05768924734265267
v3_4h_ema_50_200_atr4,2025-09-16T00:00:00+08:00,4999.020849045,3.0441161299995656,0.06085718900480265
v3_4h_ema_50_200_atr4,2025-09-20T04:00:00+08:00,4999.336047145,2.7289180300003864,0.05455582942243761
v3_4h_ema_50_200_atr4,2025-09-20T04:00:00+08:00,4999.384337045,2.6806281299996044,0.053590430125607554
v3_4h_ema_50_200_atr4,2025-09-20T08:00:00+08:00,4999.407673045,2.6572921300003145,0.05312390279815863
v3_4h_ema_50_200_atr4,2025-09-20T12:00:00+08:00,4999.381090545,2.683874629999991,0.05365533332104763
v3_4h_ema_50_200_atr4,2025-09-20T20:00:00+08:00,4999.365403545,2.699561630000062,0.05396894380210466
v3_4h_ema_50_200_atr4,2025-09-21T12:00:00+08:00,4999.32006969,2.744895484999688,0.05487524660535185
v3_4h_ema_50_200_atr4,2025-09-22T00:00:00+08:00,4999.27750734,2.7874578350001684,0.0557261421914109
v3_4h_ema_50_200_atr4,2025-09-22T04:00:00+08:00,4999.21481034,2.8501548349995574,0.05697956453670016
v3_4h_ema_50_200_atr4,2025-09-22T08:00:00+08:00,4999.18683934,2.8781258349999916,0.0575387535955223
v3_4h_ema_50_200_atr4,2025-09-29T08:00:00+08:00,4999.188651875,2.87631330000022,0.057502517860633
v3_4h_ema_50_200_atr4,2025-09-29T08:00:00+08:00,4999.22499793,2.8399672449995705,0.056775896850036464
v3_4h_ema_50_200_atr4,2025-09-29T08:00:00+08:00,4998.946378695,3.1185864799999763,0.0623459811440268
v3_4h_ema_50_200_atr4,2025-09-29T20:00:00+08:00,4998.9145507,3.1504144749997067,0.06298227825774526
v3_4h_ema_50_200_atr4,2025-09-30T00:00:00+08:00,4998.643583355,3.421381819999624,0.06839938792917946
v3_4h_ema_50_200_atr4,2025-09-30T04:00:00+08:00,4998.639267975,3.425697200000286,0.06848565989946986
v3_4h_ema_50_200_atr4,2025-09-30T04:00:00+08:00,4998.631741475,3.4332236999998713,0.0686361277572843
v3_4h_ema_50_200_atr4,2025-09-30T23:59:00+08:00,4998.722889725,3.342075450000266,0.06681391531833776
v3_4h_ema_50_200_atr4,2025-09-30T23:59:00+08:00,4998.735392225,3.3295729499996014,0.06656396854460114
v3_4h_ema_50_200_atr4,2025-09-30T23:59:00+08:00,4998.73828895,3.3266762249995736,0.06650605796126816
v3_4h_vol_compression_donchian_breakout,2025-01-17T16:00:00+08:00,5000.0,0.0,0.0
v3_4h_vol_compression_donchian_breakout,2025-01-25T08:00:00+08:00,4999.52876525,0.4712347499998941,0.009424694999997882
v3_4h_vol_compression_donchian_breakout,2025-01-30T12:00:00+08:00,4999.11510152,0.8848984799997197,0.017697969599994395
v3_4h_vol_compression_donchian_breakout,2025-01-30T20:00:00+08:00,4999.06809665,0.9319033499996294,0.01863806699999259
v3_4h_vol_compression_donchian_breakout,2025-01-31T00:00:00+08:00,4999.057802405,0.9421975949999251,0.0188439518999985
v3_4h_vol_compression_donchian_breakout,2025-02-02T04:00:00+08:00,4999.043260285,0.9567397150003671,0.019134794300007342
v3_4h_vol_compression_donchian_breakout,2025-02-02T08:00:00+08:00,4998.896008285,1.1039917150001202,0.0220798343000024
v3_4h_vol_compression_donchian_breakout,2025-02-04T04:00:00+08:00,4998.60932658,1.3906734199999846,0.02781346839999969
v3_4h_vol_compression_donchian_breakout,2025-02-13T00:00:00+08:00,4998.59313804,1.406861960000242,0.02813723920000484
v3_4h_vol_compression_donchian_breakout,2025-02-21T20:00:00+08:00,4998.587684885,1.4123151149997284,0.02824630229999457
v3_4h_vol_compression_donchian_breakout,2025-03-03T00:00:00+08:00,4998.601283945,1.3987160549995679,0.027974321099991355
v3_4h_vol_compression_donchian_breakout,2025-03-03T04:00:00+08:00,4998.415077055,1.5849229449995619,0.03169845889999124
v3_4h_vol_compression_donchian_breakout,2025-03-09T00:00:00+08:00,4998.038945555,1.9610544449997178,0.03922108889999436
v3_4h_vol_compression_donchian_breakout,2025-03-21T04:00:00+08:00,4997.88628369,2.1137163100002,0.042274326200004
v3_4h_vol_compression_donchian_breakout,2025-03-21T04:00:00+08:00,4997.57758508,2.4224149199999374,0.04844829839999875
v3_4h_vol_compression_donchian_breakout,2025-03-22T00:00:00+08:00,4997.571073245,2.428926755000248,0.048578535100004955
v3_4h_vol_compression_donchian_breakout,2025-03-28T16:00:00+08:00,4997.56875742,2.431242579999889,0.048624851599997784
v3_4h_vol_compression_donchian_breakout,2025-03-30T08:00:00+08:00,4997.51854117,2.4814588299996103,0.049629176599992206
v3_4h_vol_compression_donchian_breakout,2025-04-02T00:00:00+08:00,4997.508136345,2.4918636550000883,0.049837273100001765
v3_4h_vol_compression_donchian_breakout,2025-04-02T12:00:00+08:00,4997.365322395,2.6346776050004337,0.05269355210000868
v3_4h_vol_compression_donchian_breakout,2025-04-03T08:00:00+08:00,4997.10339381,2.896606190000057,0.05793212380000114
v3_4h_vol_compression_donchian_breakout,2025-04-03T08:00:00+08:00,4997.08891779,2.9110822100001315,0.05822164420000263
v3_4h_vol_compression_donchian_breakout,2025-04-10T04:00:00+08:00,4997.07813684,2.9218631599997025,0.05843726319999405
v3_4h_vol_compression_donchian_breakout,2025-04-12T20:00:00+08:00,4997.105837855,2.8941621450003367,0.05788324290000674
v3_4h_vol_compression_donchian_breakout,2025-04-14T12:00:00+08:00,4996.959892305,3.040107695000188,0.06080215390000376
v3_4h_vol_compression_donchian_breakout,2025-04-20T20:00:00+08:00,4996.811787555,3.1882124450003175,0.06376424890000636
v3_4h_vol_compression_donchian_breakout,2025-04-27T16:00:00+08:00,4996.828230485,3.171769515000051,0.06343539030000102
v3_4h_vol_compression_donchian_breakout,2025-05-05T12:00:00+08:00,4997.496906235,2.503093764999903,0.05006187529999806
v3_4h_vol_compression_donchian_breakout,2025-05-07T08:00:00+08:00,4997.206262565,2.7937374350003665,0.055874748700007325
v3_4h_vol_compression_donchian_breakout,2025-05-08T12:00:00+08:00,4997.201879525,2.79812047500036,0.05596240950000719
v3_4h_vol_compression_donchian_breakout,2025-05-11T04:00:00+08:00,4996.643911375,3.3560886249997566,0.06712177249999514
v3_4h_vol_compression_donchian_breakout,2025-05-29T16:00:00+08:00,4996.413727625,3.5862723749996803,0.0717254474999936
v3_4h_vol_compression_donchian_breakout,2025-06-01T20:00:00+08:00,4996.99895587,3.001044130000082,0.06002088260000164
v3_4h_vol_compression_donchian_breakout,2025-06-08T04:00:00+08:00,4996.99612282,3.0038771800000177,0.06007754360000036
v3_4h_vol_compression_donchian_breakout,2025-06-12T16:00:00+08:00,4997.001371335,2.9986286650000693,0.059972573300001386
v3_4h_vol_compression_donchian_breakout,2025-06-12T16:00:00+08:00,4996.65373265,3.3462673499998346,0.0669253469999967
v3_4h_vol_compression_donchian_breakout,2025-06-13T08:00:00+08:00,4996.51734397,3.4826560299998164,0.06965312059999633
v3_4h_vol_compression_donchian_breakout,2025-06-18T00:00:00+08:00,4996.218610985,3.781389015000059,0.07562778030000117
v3_4h_vol_compression_donchian_breakout,2025-06-21T04:00:00+08:00,4996.203497935,3.7965020649999133,0.07593004129999827
v3_4h_vol_compression_donchian_breakout,2025-07-01T20:00:00+08:00,4996.115267585,3.884732415000144,0.07769464830000287
v3_4h_vol_compression_donchian_breakout,2025-07-02T00:00:00+08:00,4996.107814025,3.8921859749998475,0.07784371949999695
v3_4h_vol_compression_donchian_breakout,2025-07-02T04:00:00+08:00,4996.001604205,3.998395794999851,0.07996791589999702
v3_4h_vol_compression_donchian_breakout,2025-07-03T04:00:00+08:00,4995.865961205,4.134038795000379,0.08268077590000757
v3_4h_vol_compression_donchian_breakout,2025-07-05T00:00:00+08:00,4995.65839627,4.341603730000315,0.0868320746000063
v3_4h_vol_compression_donchian_breakout,2025-07-05T00:00:00+08:00,4995.53970877,4.4602912299997115,0.08920582459999422
v3_4h_vol_compression_donchian_breakout,2025-07-11T12:00:00+08:00,4995.32066892,4.679331080000338,0.09358662160000678
v3_4h_vol_compression_donchian_breakout,2025-07-24T00:00:00+08:00,4996.286318225,3.7136817749997135,0.07427363549999427
v3_4h_vol_compression_donchian_breakout,2025-07-24T20:00:00+08:00,4996.198711375,3.80128862499987,0.0760257724999974
v3_4h_vol_compression_donchian_breakout,2025-07-25T12:00:00+08:00,4996.646678875,3.3533211249996384,0.06706642249999277
v3_4h_vol_compression_donchian_breakout,2025-08-05T04:00:00+08:00,4996.697281675,3.3027183249996597,0.06605436649999319
v3_4h_vol_compression_donchian_breakout,2025-08-15T00:00:00+08:00,4996.750400935,3.2495990650004387,0.06499198130000877
v3_4h_vol_compression_donchian_breakout,2025-08-15T00:00:00+08:00,4996.616069935,3.3839300649997313,0.06767860129999463
v3_4h_vol_compression_donchian_breakout,2025-08-16T00:00:00+08:00,4996.087839855,3.912160144999689,0.07824320289999377
v3_4h_vol_compression_donchian_breakout,2025-08-23T00:00:00+08:00,4995.77761271,4.22238729000037,0.0844477458000074
v3_4h_vol_compression_donchian_breakout,2025-08-23T00:00:00+08:00,4995.64246196,4.357538039999781,0.08715076079999562
v3_4h_vol_compression_donchian_breakout,2025-08-23T04:00:00+08:00,4995.164565975,4.835434024999813,0.09670868049999627
v3_4h_vol_compression_donchian_breakout,2025-08-25T16:00:00+08:00,4995.147901975,4.852098024999577,0.09704196049999154
v3_4h_vol_compression_donchian_breakout,2025-08-25T16:00:00+08:00,4995.140723775,4.8592762250000305,0.09718552450000062
v3_4h_vol_compression_donchian_breakout,2025-09-05T00:00:00+08:00,4995.12713932,4.872860679999576,0.09745721359999152
v3_4h_vol_compression_donchian_breakout,2025-09-15T00:00:00+08:00,4995.12955777,4.870442229999753,0.09740884459999506
v3_4h_vol_compression_donchian_breakout,2025-09-15T12:00:00+08:00,4995.31522527,4.684774729999845,0.09369549459999689
v3_4h_vol_compression_donchian_breakout,2025-09-22T16:00:00+08:00,4995.42843727,4.571562729999641,0.09143125459999282
v3_4h_vol_compression_donchian_breakout,2025-09-29T08:00:00+08:00,4995.447940955,4.552059044999623,0.09104118089999247
v3_4h_vol_compression_donchian_breakout,2025-09-29T08:00:00+08:00,4995.62749537,4.372504629999639,0.08745009259999278
v3_4h_vol_compression_donchian_breakout,2025-09-30T23:59:00+08:00,4995.78082742,4.219172580000304,0.08438345160000608
v3_4h_vol_compression_donchian_breakout,2025-09-30T23:59:00+08:00,4995.752345905,4.247654095000144,0.08495308190000288
v3_4h_vol_compression_donchian_breakout,2025-09-30T23:59:00+08:00,4995.74736184,4.2526381600000605,0.08505276320000121
v3_ensemble_core,2025-01-01T08:00:00+08:00,5000.0,0.0,0.0
v3_ensemble_core,2025-01-01T12:00:00+08:00,4999.965827,0.03417300000000978,0.0006834600000001956
v3_ensemble_core,2025-01-02T00:00:00+08:00,4999.87400282,0.12599718000001303,0.0025199436000002606
v3_ensemble_core,2025-01-02T00:00:00+08:00,4999.867909395,0.1320906049995756,0.002641812099991512
v3_ensemble_core,2025-01-02T04:00:00+08:00,4999.86346262,0.1365373799999361,0.002730747599998722
v3_ensemble_core,2025-01-02T08:00:00+08:00,4999.81034162,0.18965837999985524,0.0037931675999971046
v3_ensemble_core,2025-01-08T00:00:00+08:00,4999.82274894,0.1772510600003443,0.0035450212000068862
v3_ensemble_core,2025-01-08T04:00:00+08:00,5000.09635744,0.0,0.0
v3_ensemble_core,2025-01-08T04:00:00+08:00,5000.209230785,0.0,0.0
v3_ensemble_core,2025-01-15T00:00:00+08:00,5000.201013255,0.00821752999945602,0.00016434372283589263
v3_ensemble_core,2025-01-15T12:00:00+08:00,5000.19705988,0.012170904999948107,0.00024340791431316474
v3_ensemble_core,2025-01-16T00:00:00+08:00,5000.089940775,0.11929000999953132,0.002385700367598489
v3_ensemble_core,2025-01-16T00:00:00+08:00,4999.996817475,0.21241330999964703,0.004248088433817389
v3_ensemble_core,2025-01-20T08:00:00+08:00,5000.106123975,0.10310681000009936,0.0020620499111376643
v3_ensemble_core,2025-01-20T16:00:00+08:00,4999.994249725,0.21498105999944528,0.004299441284893886
v3_ensemble_core,2025-01-21T16:00:00+08:00,4999.583434725,0.6257960599996295,0.01251539747870478
v3_ensemble_core,2025-01-22T04:00:00+08:00,4999.498062495,0.7111682899994776,0.014222770631696724
v3_ensemble_core,2025-01-22T08:00:00+08:00,4999.365781745,0.8434490399995411,0.016868274927509887
v3_ensemble_core,2025-01-22T20:00:00+08:00,4999.32626193,0.8829688549994898,0.017658638153845205
v3_ensemble_core,2025-01-23T12:00:00+08:00,4999.63854653,0.5706842549998328,0.01141320750112369
v3_ensemble_core,2025-01-24T08:00:00+08:00,4999.49270778,0.7165230049995444,0.014329860450400692
v3_ensemble_core,2025-01-27T08:00:00+08:00,4999.50774732,0.7014834649999102,0.014029082236820357
v3_ensemble_core,2025-01-27T08:00:00+08:00,4999.32755657,0.8816742150002028,0.0176327464373283
v3_ensemble_core,2025-01-27T08:00:00+08:00,4999.18185565,1.0273751349996019,0.02054664290194734
v3_ensemble_core,2025-01-30T04:00:00+08:00,4998.743448995,1.4657817899997099,0.029314409104628444
v3_ensemble_core,2025-01-30T20:00:00+08:00,4998.749157755,1.4600730299998759,0.029200238682225182
v3_ensemble_core,2025-01-31T08:00:00+08:00,4998.716658505,1.4925722799998766,0.029850196483988983
v3_ensemble_core,2025-02-01T04:00:00+08:00,4998.59893143,1.6102993549993698,0.032204639459588444
v3_ensemble_core,2025-02-02T00:00:00+08:00,4998.5980865,1.611144284999682,0.03222153735248281
v3_ensemble_core,2025-02-11T16:00:00+08:00,4999.26158825,0.9476425349994315,0.018952057629209606
v3_ensemble_core,2025-02-11T16:00:00+08:00,4999.2716066,0.9376241849995495,0.018751699013450057
v3_ensemble_core,2025-02-13T00:00:00+08:00,4998.8132504,1.3959803850002572,0.027918439420605953
v3_ensemble_core,2025-02-13T08:00:00+08:00,4999.293432,0.9157987849994242,0.018315209278865513
v3_ensemble_core,2025-02-13T08:00:00+08:00,4999.184844,1.0243867849994786,0.020486878402859485
v3_ensemble_core,2025-02-14T12:00:00+08:00,4999.149577145,1.0596536399998513,0.02119218598845498
v3_ensemble_core,2025-02-14T20:00:00+08:00,4999.118398445,1.0908323399999063,0.02181573389537247
v3_ensemble_core,2025-02-15T00:00:00+08:00,4999.11909337,1.0901374149998446,0.021801835976945714
v3_ensemble_core,2025-02-15T00:00:00+08:00,4999.068595715,1.1406350699999166,0.022811746816059623
v3_ensemble_core,2025-02-15T04:00:00+08:00,4998.979024085,1.2302067000000534,0.024603104454629376
v3_ensemble_core,2025-02-16T20:00:00+08:00,4998.96520982,1.2440209649994358,0.024879378193622764
v3_ensemble_core,2025-02-16T20:00:00+08:00,4998.96443863,1.244792155000141,0.024894801348237124
v3_ensemble_core,2025-02-17T20:00:00+08:00,4998.8972339,1.311996884999644,0.026238839705387068
v3_ensemble_core,2025-02-17T20:00:00+08:00,4998.89178251,1.3174482750000607,0.02634786294319188
v3_ensemble_core,2025-02-20T08:00:00+08:00,4998.82982858,1.3794022049996784,0.027586889694676264
v3_ensemble_core,2025-02-21T20:00:00+08:00,4998.82344589,1.3857848950001426,0.02771453815308812
v3_ensemble_core,2025-02-24T08:00:00+08:00,4998.89940144,1.309829345000253,0.026195490719387725
v3_ensemble_core,2025-03-03T04:00:00+08:00,4999.21492394,0.9943068450002102,0.019885304776418537
v3_ensemble_core,2025-03-03T04:00:00+08:00,4999.2285675,0.9806632849995367,0.019612444994538337
v3_ensemble_core,2025-03-03T04:00:00+08:00,4999.492105625,0.7171251600002506,0.014341903046478453
v3_ensemble_core,2025-03-05T16:00:00+08:00,4999.48574423,0.7234865549999085,0.014469125622695712
v3_ensemble_core,2025-03-06T12:00:00+08:00,4999.42528523,0.783945555000173,0.015678255025282188
v3_ensemble_core,2025-03-06T20:00:00+08:00,4999.509253925,0.6999768599998788,0.013998951397679553
v3_ensemble_core,2025-03-06T20:00:00+08:00,4999.541121425,0.6681093600000167,0.01336162806721446
v3_ensemble_core,2025-03-15T00:00:00+08:00,4999.654042075,0.5551887100000386,0.01110330956916532
v3_ensemble_core,2025-03-15T20:00:00+08:00,4999.6522726,0.5569581849995302,0.011138697588302549
v3_ensemble_core,2025-03-16T00:00:00+08:00,4999.9463546,0.2628761850000956,0.0052573037020458
v3_ensemble_core,2025-03-16T16:00:00+08:00,4999.94467375,0.2645570349995978,0.005290919295352449
v3_ensemble_core,2025-03-18T04:00:00+08:00,4999.946421,0.26280978500017227,0.005255975757616704
v3_ensemble_core,2025-03-18T04:00:00+08:00,4999.940252685,0.26897809999991296,0.005379336895421977
v3_ensemble_core,2025-03-19T20:00:00+08:00,5000.16754075,0.04169003500010149,0.0008337658101070388
v3_ensemble_core,2025-03-20T00:00:00+08:00,5000.14103075,0.06820003499979066,0.001363943624196776
v3_ensemble_core,2025-03-20T00:00:00+08:00,5000.13829775,0.07093303500005277,0.0014186013369867875
v3_ensemble_core,2025-03-21T04:00:00+08:00,4999.686857805,0.5223729800000001,0.01044702243225912
v3_ensemble_core,2025-03-21T20:00:00+08:00,4999.67680236,0.5324284250000346,0.010648122916977355
v3_ensemble_core,2025-03-22T20:00:00+08:00,4999.64991076,0.5593200249995789,0.011185932411707686
v3_ensemble_core,2025-03-22T20:00:00+08:00,4999.64792935,0.5613014350001322,0.011225558953500263
v3_ensemble_core,2025-03-23T04:00:00+08:00,4999.6361339,0.5730968850002682,0.011461458082031015
v3_ensemble_core,2025-03-23T12:00:00+08:00,4999.595486195,0.6137445899994418,0.012274378164433091
v3_ensemble_core,2025-03-23T12:00:00+08:00,4999.570690945,0.6385398399997939,0.012770262413589988
v3_ensemble_core,2025-03-23T20:00:00+08:00,4999.572975945,0.6362548400002197,0.012724564325887857
v3_ensemble_core,2025-03-27T12:00:00+08:00,4999.550354225,0.6588765599999533,0.013176979794033818
v3_ensemble_core,2025-03-28T16:00:00+08:00,4999.543125945,0.6661048400001164,0.013321539344775426
v3_ensemble_core,2025-03-28T16:00:00+08:00,4999.223144245,0.9860865399996328,0.019720905555882583
v3_ensemble_core,2025-04-02T00:00:00+08:00,4999.31708722,0.8921435649999694,0.017842124675648996
v3_ensemble_core,2025-04-02T00:00:00+08:00,4999.37930372,0.8299270649995378,0.01659784674389005
v3_ensemble_core,2025-04-02T00:00:00+08:00,4999.380709755,0.8285210300000472,0.016569727220594223
v3_ensemble_core,2025-04-03T00:00:00+08:00,4999.364210055,0.8450207300002148,0.01689970741219467
v3_ensemble_core,2025-04-03T00:00:00+08:00,4999.321469555,0.8877612300002511,0.017754481643178728
v3_ensemble_core,2025-04-10T04:00:00+08:00,4999.33536626,0.8738645249995898,0.017476559173152814
v3_ensemble_core,2025-04-10T04:00:00+08:00,4999.31638416,0.8928466249999474,0.017856185287265996
v3_ensemble_core,2025-04-11T12:00:00+08:00,4999.29873751,0.9104932749996806,0.01820910351898893
v3_ensemble_core,2025-04-11T16:00:00+08:00,4999.28067626,0.9285545249995266,0.0185703134037403
v3_ensemble_core,2025-04-13T00:00:00+08:00,4999.418599775,0.7906310099997427,0.015811958530295718
v3_ensemble_core,2025-04-14T12:00:00+08:00,4999.409393045,0.7998377399999299,0.015996085425296507
v3_ensemble_core,2025-04-15T12:00:00+08:00,4999.400786045,0.8084447399996861,0.01616821822219559
v3_ensemble_core,2025-04-15T12:00:00+08:00,4999.384434395,0.824796389999392,0.016495237537688088
v3_ensemble_core,2025-04-17T16:00:00+08:00,4999.381909505,0.8273212799995235,0.016545733224640275
v3_ensemble_core,2025-04-18T08:00:00+08:00,4999.38079457,0.8284362149997833,0.016568030991569612
v3_ensemble_core,2025-04-19T04:00:00+08:00,4999.39770432,0.8115264649995879,0.016229850143134585
v3_ensemble_core,2025-04-19T12:00:00+08:00,4999.37461907,0.8346117149994825,0.016691535823361015
v3_ensemble_core,2025-04-20T00:00:00+08:00,4999.38454413,0.8246866549998231,0.016493042929532627
v3_ensemble_core,2025-04-20T12:00:00+08:00,4999.36946538,0.8397654049995253,0.016794605310299943
v3_ensemble_core,2025-04-21T12:00:00+08:00,4999.33337913,0.8758516549996784,0.0175163001101491
v3_ensemble_core,2025-04-21T12:00:00+08:00,4999.2907826,0.918448184999761,0.018368195061620865
v3_ensemble_core,2025-04-22T16:00:00+08:00,4999.240533805,0.9686969799995495,0.019373128908997082
v3_ensemble_core,2025-04-30T08:00:00+08:00,4999.311209055,0.8980217299995275,0.01795968305627371
v3_ensemble_core,2025-04-30T16:00:00+08:00,4999.291436605,0.9177941799998734,0.01835511550895213
v3_ensemble_core,2025-05-01T00:00:00+08:00,4999.290875475,0.9183553100001518,0.018366337639354666
v3_ensemble_core,2025-05-01T00:00:00+08:00,4999.230826975,0.9784038099996906,0.019567257385469203
v3_ensemble_core,2025-05-03T20:00:00+08:00,4999.225053325,0.9841774599999553,0.019682725553575406
v3_ensemble_core,2025-05-04T08:00:00+08:00,4999.195285825,1.0139449600001171,0.020278050641511544
v3_ensemble_core,2025-05-05T08:00:00+08:00,4999.88274218,0.32648860500012233,0.0065294988655677875
v3_ensemble_core,2025-05-05T08:00:00+08:00,4999.902136115,0.3070946699999695,0.0061416363961185215
v3_ensemble_core,2025-05-05T20:00:00+08:00,4999.87513242,0.33409836499959056,0.006681687697039416
v3_ensemble_core,2025-05-06T12:00:00+08:00,4999.863732745,0.34549804000016593,0.00690967165679835
v3_ensemble_core,2025-05-07T12:00:00+08:00,4999.855367595,0.3538631900000837,0.007076967656102053
v3_ensemble_core,2025-05-08T04:00:00+08:00,4999.82290629,0.38632449499982613,0.007726166589616406
v3_ensemble_core,2025-05-08T12:00:00+08:00,4999.814775125,0.3944556599999487,0.00788878308474347
v3_ensemble_core,2025-05-11T04:00:00+08:00,4999.329243175,0.8799876100001711,0.01759901574882735
v3_ensemble_core,2025-05-16T04:00:00+08:00,4999.322858495,0.8863722899995992,0.017726704005553075
v3_ensemble_core,2025-05-16T08:00:00+08:00,4999.286152745,0.9230780399993819,0.01846078828694264
v3_ensemble_core,2025-05-17T08:00:00+08:00,4999.269372595,0.9398581899995406,0.018796377243837637
v3_ensemble_core,2025-05-17T12:00:00+08:00,4999.236177595,0.9730531899995185,0.01946024946333607
v3_ensemble_core,2025-05-19T04:00:00+08:00,4999.67066125,0.538569534999624,0.010770939977547142
v3_ensemble_core,2025-05-19T12:00:00+08:00,4999.64445325,0.5647775349998483,0.011295078044387794
v3_ensemble_core,2025-05-19T12:00:00+08:00,4999.53250897,0.6767218149998371,0.013533869959549596
v3_ensemble_core,2025-05-19T20:00:00+08:00,5000.317572555,0.0,0.0
v3_ensemble_core,2025-05-20T20:00:00+08:00,5000.309864805,0.007707750000008673,0.00015414520954256636
v3_ensemble_core,2025-05-24T08:00:00+08:00,5000.367070625,0.0,0.0
v3_ensemble_core,2025-05-24T08:00:00+08:00,5000.376828625,0.0,0.0
v3_ensemble_core,2025-05-25T08:00:00+08:00,5000.355469875,0.021358749999308202,0.0004271428080587562
v3_ensemble_core,2025-05-25T12:00:00+08:00,5000.331338375,0.04549024999960238,0.0009097364370459109
v3_ensemble_core,2025-05-26T00:00:00+08:00,5000.537289335,0.0,0.0
v3_ensemble_core,2025-05-27T04:00:00+08:00,5000.512140835,0.025148500000796048,0.000502915957739822
v3_ensemble_core,2025-05-27T12:00:00+08:00,5000.497699585,0.039589750000232016,0.0007917099245448658
v3_ensemble_core,2025-05-29T00:00:00+08:00,5000.317414805,0.2198745300001974,0.004397018105817136
v3_ensemble_core,2025-05-29T00:00:00+08:00,5000.31276839,0.22452094500022213,0.004489936421013674
v3_ensemble_core,2025-05-29T16:00:00+08:00,5000.278062065,0.25922727000033774,0.00518398833967722
v3_ensemble_core,2025-05-29T16:00:00+08:00,5000.275543095,0.26174624000032054,0.005234362326595689
v3_ensemble_core,2025-05-30T00:00:00+08:00,4999.978451065,0.558838270000706,0.011175564497690676
v3_ensemble_core,2025-05-30T00:00:00+08:00,4999.973095235,0.5641941000003499,0.011282669588398962
v3_ensemble_core,2025-05-31T00:00:00+08:00,5000.016723115,0.5205662200005463,0.010410205741506912
v3_ensemble_core,2025-06-04T00:00:00+08:00,4999.924248165,0.6130411700005425,0.012259506019643505
v3_ensemble_core,2025-06-06T00:00:00+08:00,4999.915990365,0.6212989700006801,0.012424644274241657
v3_ensemble_core,2025-06-08T12:00:00+08:00,4999.926869045,0.6104202900005475,0.012207094051721882
v3_ensemble_core,2025-06-09T04:00:00+08:00,4999.889442995,0.6478463400007968,0.012955534625899191
v3_ensemble_core,2025-06-10T00:00:00+08:00,4999.886285715,0.6510036200006653,0.01301867344113415
v3_ensemble_core,2025-06-10T08:00:00+08:00,4999.870845465,0.6664438700008759,0.013327445261177191
v3_ensemble_core,2025-06-12T16:00:00+08:00,4999.88672845,0.6505608850002318,0.01300981969253042
v3_ensemble_core,2025-06-12T20:00:00+08:00,4999.882775405,0.6545139300005758,0.013088872097734457
v3_ensemble_core,2025-06-13T08:00:00+08:00,4999.942184575,0.5951047600001402,0.011900816363660806
v3_ensemble_core,2025-06-16T04:00:00+08:00,5000.098370075,0.4389192600001479,0.008777441994808479
v3_ensemble_core,2025-06-16T08:00:00+08:00,5000.092344225,0.4449451100008446,0.008897946045714138
v3_ensemble_core,2025-06-16T16:00:00+08:00,5000.096525245,0.44076409000081185,0.008814334630417827
v3_ensemble_core,2025-06-17T08:00:00+08:00,4999.9964165,0.5408728350003003,0.010816294404080497
v3_ensemble_core,2025-06-17T20:00:00+08:00,4999.835174735,0.7021146000006411,0.014040783207398344
v3_ensemble_core,2025-06-24T08:00:00+08:00,4999.84191286,0.6953764750005575,0.013906035187131514
v3_ensemble_core,2025-06-24T08:00:00+08:00,4999.90013951,0.6371498250000514,0.01274162731190798
v3_ensemble_core,2025-06-25T00:00:00+08:00,4999.867304885,0.6699844500008112,0.013398249252729989
v3_ensemble_core,2025-06-25T08:00:00+08:00,4999.941609385,0.5956799499999761,0.011912318927616536
v3_ensemble_core,2025-06-26T04:00:00+08:00,4999.933453635,0.6038357000006727,0.012075416401523808
v3_ensemble_core,2025-06-26T04:00:00+08:00,4999.9082457,0.6290436350000164,0.012579520931513145
v3_ensemble_core,2025-06-26T12:00:00+08:00,4999.83443336,0.7028559750006025,0.014055609114237247
v3_ensemble_core,2025-06-28T00:00:00+08:00,4999.82820126,0.7090880750001816,0.01418023772190448
v3_ensemble_core,2025-06-28T08:00:00+08:00,4999.82609176,0.7111975750003694,0.014222423188747953
v3_ensemble_core,2025-06-28T12:00:00+08:00,4999.81176521,0.7255241250004474,0.014508923402047695
v3_ensemble_core,2025-06-28T16:00:00+08:00,4999.79014271,0.7471466250008234,0.014941326936893679
v3_ensemble_core,2025-06-28T16:00:00+08:00,4999.77757842,0.7597109150001415,0.015192585737145301
v3_ensemble_core,2025-06-29T00:00:00+08:00,4999.763255845,0.7740334900008747,0.01547900645900013
v3_ensemble_core,2025-06-29T04:00:00+08:00,4999.745627345,0.7916619900006481,0.015831538576646185
v3_ensemble_core,2025-06-29T16:00:00+08:00,4999.729994845,0.8072944900004586,0.01614415498355012
v3_ensemble_core,2025-06-29T16:00:00+08:00,4999.71529176,0.8219975750007507,0.016438185087708133
v3_ensemble_core,2025-07-01T20:00:00+08:00,4999.60020478,0.9370845550001832,0.018739677374244756
v3_ensemble_core,2025-07-02T12:00:00+08:00,4999.58202503,0.9552643050001279,0.019103233307298552
v3_ensemble_core,2025-07-02T16:00:00+08:00,4999.558436585,0.978852750000442,0.01957495151747214
v3_ensemble_core,2025-07-03T00:00:00+08:00,4999.503304335,1.0339850000000297,0.020677478042315223
v3_ensemble_core,2025-07-03T00:00:00+08:00,4999.500191565,1.0370977700004005,0.020739726753208947
v3_ensemble_core,2025-07-05T00:00:00+08:00,4999.52322187,1.0140674650001529,0.02027917014363489
v3_ensemble_core,2025-07-05T04:00:00+08:00,4999.44955687,1.0877324650000446,0.021752311842967928
v3_ensemble_core,2025-07-07T00:00:00+08:00,4999.44544434,1.0918449950004288,0.021834553605451234
v3_ensemble_core,2025-07-07T00:00:00+08:00,4999.39185279,1.1454365450008481,0.022906269441161885
v3_ensemble_core,2025-07-08T12:00:00+08:00,4999.27327644,1.2640128950006329,0.025277541629306167
v3_ensemble_core,2025-07-08T16:00:00+08:00,4999.26318584,1.2741034950004178,0.02547933194534492
v3_ensemble_core,2025-07-08T16:00:00+08:00,4999.261862985,1.2754263500000889,0.025505786202620284
v3_ensemble_core,2025-07-09T16:00:00+08:00,4999.161582485,1.3757068500008245,0.027511180707219036
v3_ensemble_core,2025-07-19T00:00:00+08:00,5000.017407615,0.5198817200007397,0.010396517212450915
v3_ensemble_core,2025-07-24T04:00:00+08:00,5000.05487629,0.48241304500061233,0.009647224229874032
v3_ensemble_core,2025-07-24T04:00:00+08:00,5000.09797204,0.43931729500036454,0.008785401839464883
v3_ensemble_core,2025-07-25T08:00:00+08:00,5000.02000789,0.5172814450006626,0.010344517300249023
v3_ensemble_core,2025-07-25T12:00:00+08:00,4999.887554045,0.6497352900005353,0.012993309566679401
v3_ensemble_core,2025-07-26T00:00:00+08:00,4999.879914185,0.6573751500000071,0.013146090349171831
v3_ensemble_core,2025-07-26T20:00:00+08:00,4999.530879065,1.0064102700007425,0.020126042698395328
v3_ensemble_core,2025-07-29T04:00:00+08:00,4999.446354615,1.090934720000405,0.021816350061564755
v3_ensemble_core,2025-07-29T20:00:00+08:00,4999.4414203,1.09586903500076,0.021915025758091986
v3_ensemble_core,2025-07-30T00:00:00+08:00,4999.38331964,1.1539696950003417,0.023076914104040273
v3_ensemble_core,2025-07-30T08:00:00+08:00,5000.58301814,0.0,0.0
v3_ensemble_core,2025-07-30T16:00:00+08:00,5000.57583649,0.0071816499994383776,0.00014361625381253325
v3_ensemble_core,2025-07-30T20:00:00+08:00,5000.49871292,0.08430521999980556,0.0016859078170281723
v3_ensemble_core,2025-07-31T08:00:00+08:00,5000.5119875,0.07103063999966253,0.0014204471706997647
v3_ensemble_core,2025-08-01T00:00:00+08:00,5000.4381165,0.14490163999926153,0.0028976949182449264
v3_ensemble_core,2025-08-01T04:00:00+08:00,5000.25682515,0.32619298999998136,0.00652309918296909
v3_ensemble_core,2025-08-04T20:00:00+08:00,5000.24395742,0.3390607199999067,0.006780423777986244
v3_ensemble_core,2025-08-05T00:00:00+08:00,5000.23968539,0.34333274999971763,0.006865854416460074
v3_ensemble_core,2025-08-05T04:00:00+08:00,5000.172497115,0.41052102499998,0.00820946324680109
v3_ensemble_core,2025-08-05T08:00:00+08:00,5000.116891865,0.466126274999624,0.009321438586435124
v3_ensemble_core,2025-08-05T12:00:00+08:00,5000.071142865,0.511875274999511,0.010236311908884306
v3_ensemble_core,2025-08-06T00:00:00+08:00,5000.004954915,0.5780632249998234,0.011559916571784823
v3_ensemble_core,2025-08-07T00:00:00+08:00,4999.968781965,0.6142361749998599,0.012283291223676737
v3_ensemble_core,2025-08-07T04:00:00+08:00,5000.023192715,0.5598254249998718,0.011195203098699931
v3_ensemble_core,2025-08-07T12:00:00+08:00,4999.948134075,0.6348840649998237,0.012696200876912412
v3_ensemble_core,2025-08-07T16:00:00+08:00,4999.932442175,0.6505759649999163,0.013010002286531428
v3_ensemble_core,2025-08-07T20:00:00+08:00,4999.823824425,0.7591937150000376,0.01518210401159233
v3_ensemble_core,2025-08-09T04:00:00+08:00,4999.724648415,0.8583697249996476,0.0171653929528986
v3_ensemble_core,2025-08-12T08:00:00+08:00,4999.664885665,0.9181324749997657,0.018360508598080853
v3_ensemble_core,2025-08-12T12:00:00+08:00,4999.653328365,0.9296897750000426,0.01859162764876658
v3_ensemble_core,2025-08-12T20:00:00+08:00,4999.638092365,0.9449257749993194,0.01889631212143721
v3_ensemble_core,2025-08-16T00:00:00+08:00,4999.678857335,0.9041608049992647,0.01808110777722021
v3_ensemble_core,2025-08-16T00:00:00+08:00,4999.308686245,1.2743318949997047,0.02548366641203571
v3_ensemble_core,2025-08-16T20:00:00+08:00,4999.30570037,1.2773177700000815,0.025543376949577937
v3_ensemble_core,2025-08-16T20:00:00+08:00,4999.25437487,1.3286432699997022,0.026569767268735396
v3_ensemble_core,2025-08-18T12:00:00+08:00,4999.16692227,1.4160958699994808,0.028318615346700257
v3_ensemble_core,2025-08-18T20:00:00+08:00,4999.755164135,0.8278540049996082,0.016555149709473957
v3_ensemble_core,2025-08-20T00:00:00+08:00,4999.561769135,1.021249004999845,0.02042259875088936
v3_ensemble_core,2025-08-20T16:00:00+08:00,4999.460916385,1.122101754999676,0.022439418582376604
v3_ensemble_core,2025-08-21T12:00:00+08:00,4999.3703242,1.2126939399995535,0.02425105103945706
v3_ensemble_core,2025-08-21T20:00:00+08:00,4999.3388713,1.2441468399993028,0.024880035697558953
v3_ensemble_core,2025-08-22T16:00:00+08:00,4999.33613155,1.246886590000031,0.02493482430902265
v3_ensemble_core,2025-08-23T00:00:00+08:00,4998.984338585,1.5986795549997623,0.03196986329794804
v3_ensemble_core,2025-08-25T20:00:00+08:00,4999.01017562,1.57284251999954,0.03145318284475895
v3_ensemble_core,2025-08-26T04:00:00+08:00,4998.83235224,1.7506659000000582,0.03500923579609383
v3_ensemble_core,2025-08-26T04:00:00+08:00,4998.82413799,1.7588801499996407,0.03517350164209189
v3_ensemble_core,2025-08-28T08:00:00+08:00,4998.736441545,1.846576594999533,0.036927226051461086
v3_ensemble_core,2025-08-28T16:00:00+08:00,4998.53711607,2.045902070000011,0.04091327076419577
v3_ensemble_core,2025-08-29T00:00:00+08:00,4998.436646315,2.146371824999733,0.04292243158874883
v3_ensemble_core,2025-08-29T12:00:00+08:00,4998.42897151,2.154046629999357,0.04307590979262592
v3_ensemble_core,2025-09-01T08:00:00+08:00,4998.46298651,2.120031630000085,0.04239568910884005
v3_ensemble_core,2025-09-01T20:00:00+08:00,4998.42047406,2.1625440799998614,0.04324583897827646
v3_ensemble_core,2025-09-02T12:00:00+08:00,4998.60609431,1.9769238299995777,0.03953386680769291
v3_ensemble_core,2025-09-03T00:00:00+08:00,4998.59288291,1.990135229999396,0.039798064001337986
v3_ensemble_core,2025-09-03T00:00:00+08:00,4998.425556055,2.157462084999679,0.04314421092847213
v3_ensemble_core,2025-09-03T08:00:00+08:00,4998.438897305,2.1441208349997396,0.042877417037608945
v3_ensemble_core,2025-09-03T12:00:00+08:00,4998.326507535,2.2565106049996757,0.0451249503670674
v3_ensemble_core,2025-09-04T00:00:00+08:00,4998.304325535,2.278692604999378,0.045568538643059125
v3_ensemble_core,2025-09-04T12:00:00+08:00,4998.237096165,2.345921974999328,0.04691296927756855
v3_ensemble_core,2025-09-04T16:00:00+08:00,4998.230578175,2.3524399649995757,0.04704331387892009
v3_ensemble_core,2025-09-04T20:00:00+08:00,4998.199790125,2.383228014999986,0.047659003087332875
v3_ensemble_core,2025-09-05T04:00:00+08:00,4998.196445075,2.3865730649995385,0.04772589628733412
v3_ensemble_core,2025-09-05T16:00:00+08:00,4998.150259075,2.4327590650000275,0.048649508590798446
v3_ensemble_core,2025-09-05T16:00:00+08:00,4997.78845,2.794568139999683,0.055884846424150376
v3_ensemble_core,2025-09-06T00:00:00+08:00,4997.673653195,2.909364944999652,0.05818051484088369
v3_ensemble_core,2025-09-06T04:00:00+08:00,4997.632467695,2.9505504449998625,0.05900412880451166
v3_ensemble_core,2025-09-06T08:00:00+08:00,4997.627134445,2.9558836950000114,0.05911078136843875
v3_ensemble_core,2025-09-06T16:00:00+08:00,4997.616300245,2.9667178949994195,0.05932744010523217
v3_ensemble_core,2025-09-07T08:00:00+08:00,4997.599624995,2.9833931449993543,0.05966090622187185
v3_ensemble_core,2025-09-07T20:00:00+08:00,4997.532583805,3.0504343349994087,0.06100157369518161
v3_ensemble_core,2025-09-09T04:00:00+08:00,4997.4746676,3.1083505399992646,0.062159762746133475
v3_ensemble_core,2025-09-10T00:00:00+08:00,4997.47347712,3.1095410199995968,0.062183569570178066
v3_ensemble_core,2025-09-10T08:00:00+08:00,4997.47150577,3.1115123700001277,0.06222299197339345
v3_ensemble_core,2025-09-15T12:00:00+08:00,4997.51710327,3.0659148699996877,0.06131114829766541
v3_ensemble_core,2025-09-15T20:00:00+08:00,4997.51842787,3.064590269999826,0.06128465938637133
v3_ensemble_core,2025-09-16T00:00:00+08:00,4997.35996537,3.2230527699994127,0.06445353988340041
v3_ensemble_core,2025-09-20T04:00:00+08:00,4997.67516347,2.907854669999324,0.05815031286253737
v3_ensemble_core,2025-09-20T04:00:00+08:00,4997.72345337,2.8595647699994515,0.057184627464960794
v3_ensemble_core,2025-09-20T08:00:00+08:00,4997.74678937,2.836228769999252,0.05671796187985709
v3_ensemble_core,2025-09-20T12:00:00+08:00,4997.72020687,2.8628112699998383,0.057249549894777665
v3_ensemble_core,2025-09-20T20:00:00+08:00,4997.70451987,2.878498269999909,0.05756325331582208
v3_ensemble_core,2025-09-21T12:00:00+08:00,4997.659186015,2.923832124999535,0.05846982470630143
v3_ensemble_core,2025-09-22T00:00:00+08:00,4997.616623665,2.9663944750000155,0.05932097245939506
v3_ensemble_core,2025-09-22T04:00:00+08:00,4997.553926665,3.0290914749994045,0.06057476626247664
v3_ensemble_core,2025-09-22T08:00:00+08:00,4997.525955665,3.0570624749998387,0.06113412103968896
v3_ensemble_core,2025-09-29T08:00:00+08:00,4997.70551008,2.8775080599998546,0.05754345142479332
v3_ensemble_core,2025-09-29T08:00:00+08:00,4997.711180685,2.871837454999877,0.05743005254751427
v3_ensemble_core,2025-09-29T08:00:00+08:00,4997.818689835,2.7643283049992533,0.055280120237409115
v3_ensemble_core,2025-09-29T20:00:00+08:00,4997.78686184,2.7961562999998932,0.05591660592088205
v3_ensemble_core,2025-09-30T00:00:00+08:00,4997.515894495,3.0671236449998105,0.06133532097904552
v3_ensemble_core,2025-09-30T04:00:00+08:00,4997.511579115,3.071439024999563,0.06142161851643462
v3_ensemble_core,2025-09-30T04:00:00+08:00,4997.504052615,3.078965525000058,0.06157213096614682
v3_ensemble_core,2025-09-30T23:59:00+08:00,4997.595200865,2.987817274999543,0.05974937850568635
v3_ensemble_core,2025-09-30T23:59:00+08:00,4997.607703365,2.975314774999788,0.059499357659029056
v3_ensemble_core,2025-09-30T23:59:00+08:00,4997.61060009,2.97241804999976,0.059441429913613765
