policy_name,time,net_pnl,no_cost_net_pnl,cumulative_net_pnl,cumulative_no_cost_net_pnl,equity,no_cost_equity,drawdown,ddpercent
v3_1d_donchian_20_10_atr4,2026-01-06T00:00:00+08:00,0.0,0.0,0.0,0.0,5000.0,5000.0,0.0,0.0
v3_1d_donchian_20_10_atr4,2026-01-31T00:00:00+08:00,-0.9884891650000001,-0.97955,-0.988489164999919,-0.9795500000000175,4999.011510835,4999.02045,0.988489164999919,0.01976978329999838
v3_1d_donchian_20_10_atr4,2026-02-02T00:00:00+08:00,-1.577677305,-1.5745099999999999,-2.5661664700000983,-2.5540600000003906,4997.43383353,4997.44594,2.5661664700000983,0.05132332940000196
v3_1d_donchian_20_10_atr4,2026-03-05T00:00:00+08:00,1.2032861749999988,1.211129999999999,-1.3628802949997407,-1.3429299999997966,4998.637119705,4998.65707,1.3628802949997407,0.027257605899994816
v3_1d_donchian_20_10_atr4,2026-03-05T00:00:00+08:00,0.010468894999999999,0.01061,-1.3524114000001646,-1.3323200000004363,4998.6475886,4998.66768,1.3524114000001646,0.027048228000003293
v3_1d_donchian_20_10_atr4,2026-03-05T00:00:00+08:00,0.11602339999999996,0.11739999999999995,-1.236388000000261,-1.2149200000003475,4998.763612,4998.78508,1.236388000000261,0.02472776000000522
v3_1d_donchian_20_10_atr4,2026-03-23T00:00:00+08:00,-0.012714109999999992,-0.012579999999999992,-1.2491021100004218,-1.2274999999999636,4998.75089789,4998.7725,1.2491021100004218,0.02498204220000844
v3_1d_donchian_20_10_atr4,2026-03-28T00:00:00+08:00,-0.6004215200000004,-0.5934800000000003,-1.8495236299995668,-1.820980000000418,4998.15047637,4998.17902,1.8495236299995668,0.03699047259999134
v3_1d_donchian_20_10_atr4,2026-03-31T23:59:00+08:00,-0.13157335000000003,-0.13030000000000003,-1.9810969800000748,-1.9512800000002244,4998.01890302,4998.04872,1.9810969800000748,0.039621939600001495
v3_1d_donchian_55_20_atr5,2026-01-15T00:00:00+08:00,0.0,0.0,0.0,0.0,5000.0,5000.0,0.0,0.0
v3_1d_donchian_55_20_atr5,2026-01-31T00:00:00+08:00,-1.3793444950000007,-1.3702100000000006,-1.3793444949997138,-1.3702100000000428,4998.620655505,4998.62979,1.3793444949997138,0.027586889899994277
v3_1d_donchian_55_20_atr5,2026-02-06T00:00:00+08:00,-1.92463374,-1.92164,-3.303978234999704,-3.291849999999613,4996.696021765,4996.70815,3.303978234999704,0.06607956469999407
v3_1d_donchian_55_20_atr5,2026-03-05T00:00:00+08:00,0.6681638699999994,0.6757399999999995,-2.635814365000442,-2.616109999999935,4997.364185635,4997.38389,2.635814365000442,0.052716287300008845
v3_1d_donchian_55_20_atr5,2026-03-14T00:00:00+08:00,0.005866595000000008,0.006010000000000008,-2.629947770000399,-2.610099999999875,4997.37005223,4997.3899,2.629947770000399,0.05259895540000798
v3_1d_donchian_55_20_atr5,2026-03-17T00:00:00+08:00,-0.09649089999999996,-0.09519999999999997,-2.7264386699998795,-2.7052999999996246,4997.27356133,4997.2947,2.7264386699998795,0.05452877339999759
v3_1d_ema_50_200_atr5,2026-01-02T00:00:00+08:00,0.0,0.0,0.0,0.0,5000.0,5000.0,0.0,0.0
v3_1d_ema_50_200_atr5,2026-01-04T00:00:00+08:00,-0.3805066300000003,-0.3714800000000003,-0.3805066300001272,-0.3714799999997922,4999.61949337,4999.62852,0.3805066300001272,0.007610132600002543
v3_1d_ema_50_200_atr5,2026-01-05T00:00:00+08:00,-0.2883965,-0.285,-0.6689031300002171,-0.6564799999996467,4999.33109687,4999.34352,0.6689031300002171,0.013378062600004343
v3_1d_ema_50_200_atr5,2026-01-06T00:00:00+08:00,-0.013200555000000008,-0.013030000000000009,-0.6821036849996744,-0.6695099999997183,4999.317896315,4999.33049,0.6821036849996744,0.01364207369999349
v3_1d_ema_50_200_atr5,2026-01-06T00:00:00+08:00,-0.07276099999999994,-0.07099999999999994,-0.7548646850000296,-0.740509999999631,4999.245135315,4999.25949,0.7548646850000296,0.015097293700000592
v3_1d_ema_50_200_atr5,2026-01-07T00:00:00+08:00,-0.06615512000000012,-0.06286000000000012,-0.8210198050001054,-0.8033699999996315,4999.178980195,4999.19663,0.8210198050001054,0.016420396100002108
v3_1d_ema_50_200_atr5,2026-01-09T00:00:00+08:00,-0.0034764499999998754,-0.001699999999999875,-0.8244962549997581,-0.8050700000003417,4999.175503745,4999.19493,0.8244962549997581,0.016489925099995164
v3_1d_ema_50_200_atr5,2026-01-10T00:00:00+08:00,-0.25774789500000056,-0.24861000000000058,-1.082244150000406,-1.0536799999999857,4998.91775585,4998.94632,1.082244150000406,0.021644883000008122
v3_1d_ema_50_200_atr5,2026-01-14T00:00:00+08:00,-0.002564925000000008,-0.0023900000000000076,-1.0848090749996118,-1.056069999999636,4998.915190925,4998.94393,1.0848090749996118,0.021696181499992237
v3_1d_ema_50_200_atr5,2026-01-15T00:00:00+08:00,-0.07097375000000006,-0.06750000000000006,-1.1557828249997328,-1.123569999999745,4998.844217175,4998.87643,1.1557828249997328,0.023115656499994655
v3_1d_ema_50_200_atr5,2026-01-15T00:00:00+08:00,-0.23789389999999994,-0.23459999999999992,-1.3936767249997501,-1.3581700000004275,4998.606323275,4998.64183,1.3936767249997501,0.027873534499995006
v3_1d_ema_50_200_atr5,2026-01-18T00:00:00+08:00,-0.11852442500000003,-0.11521000000000003,-1.5122011499997825,-1.4733800000003612,4998.48779885,4998.52662,1.5122011499997825,0.030244022999995648
v3_1d_ema_50_200_atr5,2026-01-18T00:00:00+08:00,-0.004296710000000008,-0.004120000000000008,-1.5164978599996175,-1.4774999999999636,4998.48350214,4998.5225,1.5164978599996175,0.030329957199992347
v3_1d_ema_50_200_atr5,2026-03-14T00:00:00+08:00,0.027465790000000007,0.027620000000000006,-1.4890320699996664,-1.449880000000121,4998.51096793,4998.55012,1.4890320699996664,0.02978064139999333
v3_1d_ema_50_200_atr5,2026-03-17T00:00:00+08:00,1.786115199999999,1.794379999999999,0.29708312999991904,0.3445000000001528,5000.29708313,5000.3445,0.0,0.0
v3_1d_ema_50_200_atr5,2026-03-18T00:00:00+08:00,-0.061346500000000005,-0.059000000000000004,0.2357366300002468,0.28549999999995634,5000.23573663,5000.2855,0.06134649999967223,0.001226857104283724
v3_1d_ema_50_200_atr5,2026-03-31T23:59:00+08:00,0.5333282499999998,0.5364999999999999,0.7690648799998598,0.8220000000001164,5000.76906488,5000.822,0.0,0.0
v3_1d_ema_50_200_atr5,2026-03-31T23:59:00+08:00,0.09224505000000009,0.09350000000000008,0.8613099300000613,0.9155000000000655,5000.86130993,5000.9155,0.0,0.0
v3_1d_ema_50_200_atr5,2026-03-31T23:59:00+08:00,0.012057694999999993,0.012189999999999994,0.8733676250003555,0.9276900000004389,5000.873367625,5000.92769,0.0,0.0
v3_4h_donchian_100_30_atr5,2026-01-02T20:00:00+08:00,0.0,0.0,0.0,0.0,5000.0,5000.0,0.0,0.0
v3_4h_donchian_100_30_atr5,2026-01-05T16:00:00+08:00,-0.7010284800000002,-0.6973800000000001,-0.7010284799998772,-0.6973799999996118,4999.29897152,4999.30262,0.7010284799998772,0.014020569599997545
v3_4h_donchian_100_30_atr5,2026-01-19T12:00:00+08:00,0.014719140000000292,0.024080000000000292,-0.6863093399997524,-0.6733000000003813,4999.31369066,4999.3267,0.6863093399997524,0.013726186799995049
v3_4h_donchian_100_30_atr5,2026-02-10T08:00:00+08:00,0.030330580000000003,0.03048,-0.6559787599999254,-0.6428200000000288,4999.34402124,4999.35718,0.6559787599999254,0.013119575199998509
v3_4h_donchian_100_30_atr5,2026-02-21T20:00:00+08:00,1.990155915000001,1.997990000000001,1.3341771550003614,1.3551699999998164,5001.334177155,5001.35517,0.0,0.0
v3_4h_donchian_100_30_atr5,2026-02-26T00:00:00+08:00,-0.007819505000000001,-0.0076900000000000015,1.3263576500003182,1.3474800000003597,5001.32635765,5001.34748,0.007819505000043137,0.00015634838071330894
v3_4h_donchian_100_30_atr5,2026-03-04T20:00:00+08:00,-0.6728069650000009,-0.6659900000000009,0.6535506849995727,0.6814899999999398,5000.653550685,5000.68149,0.6806264700007887,0.013608898063835473
v3_4h_donchian_100_30_atr5,2026-03-05T00:00:00+08:00,0.26984644999999996,0.2713,0.923397135000414,0.9527900000002774,5000.923397135,5000.95279,0.4107800199999474,0.008213408771529417
v3_4h_donchian_100_30_atr5,2026-03-08T04:00:00+08:00,-0.4418924800000006,-0.4349600000000006,0.481504655000208,0.5178299999997762,5000.481504655,5000.51783,0.8526725000001534,0.01704890074922357
v3_4h_donchian_100_30_atr5,2026-03-08T20:00:00+08:00,-1.1454822799999997,-1.1432599999999997,-0.6639776250003706,-0.6254300000000512,4999.336022375,4999.37457,1.998154780000732,0.03995243487483531
v3_4h_donchian_100_30_atr5,2026-03-11T12:00:00+08:00,-0.5524759249999998,-0.5505499999999998,-1.2164535499996418,-1.1759799999999814,4998.78354645,4998.82402,2.550630705000003,0.050999005758317964
v3_4h_donchian_100_30_atr5,2026-03-17T16:00:00+08:00,-0.0024092649999999855,-0.0022699999999999856,-1.2188628149997385,-1.1782499999999345,4998.781137185,4998.82175,2.5530399700001,0.05104717820420455
v3_4h_donchian_100_30_atr5,2026-03-31T23:59:00+08:00,-0.0723075950000003,-0.0656300000000003,-1.2911704099997223,-1.24387999999999,4998.70882959,4998.75612,2.6253475650000837,0.0524929443225789
v3_4h_donchian_20_10_atr4,2026-01-01T04:00:00+08:00,0.0,0.0,0.0,0.0,5000.0,5000.0,0.0,0.0
v3_4h_donchian_20_10_atr4,2026-01-03T00:00:00+08:00,-0.20027849999999994,-0.19699999999999995,-0.20027850000042235,-0.19700000000011642,4999.7997215,4999.803,0.20027850000042235,0.004005570000008447
v3_4h_donchian_20_10_atr4,2026-01-05T16:00:00+08:00,-0.6538449000000003,-0.6502200000000002,-0.8541234000003897,-0.8472199999996519,4999.1458766,4999.15278,0.8541234000003897,0.017082468000007792
v3_4h_donchian_20_10_atr4,2026-01-08T00:00:00+08:00,-0.21007407000000058,-0.20096000000000058,-1.064197470000181,-1.0481799999997747,4998.93580253,4998.95182,1.064197470000181,0.02128394940000362
v3_4h_donchian_20_10_atr4,2026-01-12T12:00:00+08:00,-0.34737268500000085,-0.3381900000000009,-1.4115701549999358,-1.38637000000017,4998.588429845,4998.61363,1.4115701549999358,0.028231403099998716
v3_4h_donchian_20_10_atr4,2026-01-16T20:00:00+08:00,-0.08643050000000002,-0.08300000000000002,-1.4980006550003964,-1.469369999999799,4998.501999345,4998.53063,1.4980006550003964,0.02996001310000793
v3_4h_donchian_20_10_atr4,2026-01-19T12:00:00+08:00,0.011757659999999708,0.02111999999999971,-1.486242994999884,-1.448250000000371,4998.513757005,4998.55175,1.486242994999884,0.02972485989999768
v3_4h_donchian_20_10_atr4,2026-01-28T12:00:00+08:00,0.06428030000000022,0.06600000000000023,-1.42196269499982,-1.382249999999658,4998.578037305,4998.61775,1.42196269499982,0.0284392538999964
v3_4h_donchian_20_10_atr4,2026-01-28T20:00:00+08:00,0.08667000000000008,0.09000000000000008,-1.3352926950001347,-1.292250000000422,4998.664707305,4998.70775,1.3352926950001347,0.026705853900002692
v3_4h_donchian_20_10_atr4,2026-01-30T00:00:00+08:00,-0.009231215,-0.00907,-1.3445239100001345,-1.3013199999995777,4998.65547609,4998.69868,1.3445239100001345,0.02689047820000269
v3_4h_donchian_20_10_atr4,2026-01-30T00:00:00+08:00,-0.11404419999999994,-0.11239999999999994,-1.45856810999976,-1.4137199999995573,4998.54143189,4998.58628,1.45856810999976,0.0291713621999952
v3_4h_donchian_20_10_atr4,2026-02-03T00:00:00+08:00,0.06836125000000004,0.07150000000000004,-1.3902068600000348,-1.3422200000004523,4998.60979314,4998.65778,1.3902068600000348,0.027804137200000696
v3_4h_donchian_20_10_atr4,2026-02-10T04:00:00+08:00,0.166506405,0.17385,-1.2237004549997437,-1.1683700000003228,4998.776299545,4998.83163,1.2237004549997437,0.024474009099994875
v3_4h_donchian_20_10_atr4,2026-02-10T08:00:00+08:00,0.02235457,0.0225,-1.2013458849996823,-1.1458700000002864,4998.798654115,4998.85413,1.2013458849996823,0.024026917699993645
v3_4h_donchian_20_10_atr4,2026-02-14T00:00:00+08:00,1.2212221649999997,1.2239099999999998,0.019876280000062252,0.07804000000032829,5000.01987628,5000.07804,0.0,0.0
v3_4h_donchian_20_10_atr4,2026-02-14T04:00:00+08:00,-0.37062686999999944,-0.36373999999999945,-0.3507505899997341,-0.2857000000003609,4999.64924941,4999.7143,0.3706268699997963,0.00741250793337929
v3_4h_donchian_20_10_atr4,2026-02-14T20:00:00+08:00,-0.09996350000000001,-0.097,-0.45071408999956475,-0.3827000000001135,4999.54928591,4999.6173,0.470590369999627,0.009411769985797434
v3_4h_donchian_20_10_atr4,2026-02-17T00:00:00+08:00,-0.04652275000000007,-0.043500000000000066,-0.49723684000036883,-0.4261999999998807,4999.50276316,4999.5738,0.5171131200004311,0.010342221287031397
v3_4h_donchian_20_10_atr4,2026-02-17T12:00:00+08:00,-0.0006846749999999972,-0.0005499999999999972,-0.49792151499968895,-0.4267499999996289,4999.502078485,4999.57325,0.5177977949997512,0.010355914732582848
v3_4h_donchian_20_10_atr4,2026-02-20T20:00:00+08:00,-0.20619031000000032,-0.1993800000000003,-0.7041118249999272,-0.6261299999996481,4999.295888175,4999.37387,0.7239881049999894,0.01447970453946744
v3_4h_donchian_20_10_atr4,2026-02-21T04:00:00+08:00,-0.001043065000000011,-0.0009100000000000108,-0.7051548899999034,-0.6270400000003065,4999.29484511,4999.37296,0.7250311699999656,0.014500565756538287
v3_4h_donchian_20_10_atr4,2026-02-21T12:00:00+08:00,-0.09616554999999996,-0.09489999999999996,-0.8013204400003815,-0.7219400000003589,4999.19867956,4999.27806,0.8211967200004437,0.01642386911092465
v3_4h_donchian_20_10_atr4,2026-02-23T00:00:00+08:00,-0.0013339499999999924,-0.0011999999999999923,-0.8026543899995886,-0.7231400000000576,4999.19734561,4999.27686,0.8225306699996509,0.016450548004853356
v3_4h_donchian_20_10_atr4,2026-02-25T08:00:00+08:00,-0.25398442999999987,-0.25191999999999987,-1.056638820000444,-0.9750599999997576,4998.94336118,4999.02494,1.0765151000005062,0.021530216411888153
v3_4h_donchian_20_10_atr4,2026-02-26T00:00:00+08:00,-0.0864747500000001,-0.0835000000000001,-1.1431135700004234,-1.0585600000003978,4998.85688643,4998.94144,1.1629898500004856,0.023259704536729695
v3_4h_donchian_20_10_atr4,2026-02-26T04:00:00+08:00,-0.20168117500000002,-0.19495,-1.3447947450003994,-1.253509999999551,4998.655205255,4998.74649,1.3646710250004617,0.027293312002106936
v3_4h_donchian_20_10_atr4,2026-02-27T20:00:00+08:00,-0.0574892500000001,-0.054500000000000104,-1.402283995000289,-1.30800999999974,4998.597716005,4998.69199,1.4221602750003512,0.02844309243143318
v3_4h_donchian_20_10_atr4,2026-02-27T20:00:00+08:00,-0.05987269999999999,-0.05859999999999999,-1.462156694999976,-1.366610000000037,4998.537843305,4998.63339,1.4820329750000383,0.02964054167125964
v3_4h_donchian_20_10_atr4,2026-03-05T00:00:00+08:00,-0.316553,-0.314,-1.778709694999634,-1.6806100000003426,4998.221290305,4998.31939,1.7985859749996962,0.035971576503768594
v3_4h_donchian_20_10_atr4,2026-03-05T00:00:00+08:00,-0.10394249999999998,-0.10099999999999998,-1.8826521950004462,-1.7816100000000006,4998.117347805,4998.21839,1.9025284750005085,0.03805041823985676
v3_4h_donchian_20_10_atr4,2026-03-06T20:00:00+08:00,-0.14459120500000058,-0.13751000000000058,-2.027243399999861,-1.919119999999566,4997.9727566,4998.08088,2.0471196799999234,0.04094223084414965
v3_4h_donchian_20_10_atr4,2026-03-07T00:00:00+08:00,-0.05918895000000006,-0.05790000000000006,-2.0864323499999955,-1.977020000000266,4997.91356765,4998.02298,2.1063086300000577,0.042126005138346474
v3_4h_donchian_20_10_atr4,2026-03-07T00:00:00+08:00,-0.10446325000000006,-0.10150000000000006,-2.190895599999749,-2.078520000000026,4997.8091044,4997.92148,2.210771879999811,0.044215261833011325
v3_4h_donchian_20_10_atr4,2026-03-10T00:00:00+08:00,-0.2962175549999994,-0.2893899999999994,-2.487113154999861,-2.367909999999938,4997.512886845,4997.63209,2.506989434999923,0.05013958938229493
v3_4h_donchian_20_10_atr4,2026-03-11T08:00:00+08:00,-0.5260627250000002,-0.5241500000000001,-3.013175879999835,-2.8920600000001286,4996.98682412,4997.10794,3.0330521599998974,0.060660802057780606
v3_4h_donchian_20_10_atr4,2026-03-13T12:00:00+08:00,-0.06486379999999999,-0.06359999999999999,-3.0780396800000744,-2.955659999999625,4996.92196032,4997.04434,3.0979159600001367,0.06195807290080168
v3_4h_donchian_20_10_atr4,2026-03-15T20:00:00+08:00,0.001943520000000002,0.002080000000000002,-3.0760961599999064,-2.953580000000329,4996.92390384,4997.04642,3.0959724399999686,0.0619192026553175
v3_4h_donchian_20_10_atr4,2026-03-17T16:00:00+08:00,-0.004890504999999996,-0.004749999999999996,-3.0809866649997275,-2.9583300000003874,4996.919013335,4997.04167,3.1008629449997898,0.06201701236649528
v3_4h_donchian_20_10_atr4,2026-03-19T04:00:00+08:00,-0.05234785500000022,-0.05001000000000022,-3.133334520000062,-3.0083400000003166,4996.86666548,4996.99166,3.1532108000001244,0.06306396530459603
v3_4h_donchian_20_10_atr4,2026-03-22T04:00:00+08:00,-0.006500300000000102,-0.005200000000000102,-3.1398348200000328,-3.013539999999921,4996.86016518,4996.98646,3.159711100000095,0.06319397078779036
v3_4h_donchian_20_10_atr4,2026-03-25T16:00:00+08:00,-0.030454250000000023,-0.027500000000000024,-3.1702890699998534,-3.0410400000000664,4996.82971093,4996.95896,3.1901653499999156,0.0638030533665276
v3_4h_donchian_20_10_atr4,2026-03-25T20:00:00+08:00,-0.14952672499999944,-0.14238999999999943,-3.3198157950000677,-3.183430000000044,4996.680184205,4996.81657,3.33969207500013,0.06679357597843893
v3_4h_donchian_20_10_atr4,2026-03-25T20:00:00+08:00,-0.006431089999999991,-0.0062999999999999905,-3.3262468849998186,-3.189730000000054,4996.673753115,4996.81027,3.346123164999881,0.06692219726713139
v3_4h_donchian_20_10_atr4,2026-03-26T20:00:00+08:00,-0.057440749999999964,-0.054499999999999965,-3.38368763499966,-3.2442300000002433,4996.616312365,4996.75577,3.4035639149997223,0.06807100770031266
v3_4h_donchian_20_10_atr4,2026-03-26T20:00:00+08:00,-0.005061775000000003,-0.004930000000000003,-3.388749409999946,-3.249160000000302,4996.61125059,4996.75084,3.408625690000008,0.06817224279788293
v3_4h_donchian_20_10_atr4,2026-03-26T20:00:00+08:00,-0.056701899999999916,-0.05539999999999992,-3.445451309999953,-3.304559999999583,4996.55454869,4996.69544,3.4653275900000153,0.06930627628980965
v3_4h_donchian_20_10_atr4,2026-03-27T16:00:00+08:00,-0.38343755,-0.38098000000000004,-3.8288888600000064,-3.685540000000401,4996.17111114,4996.31446,3.8487651400000686,0.07697499680468348
v3_4h_donchian_20_10_atr4,2026-03-30T16:00:00+08:00,-0.10433539000000029,-0.09758000000000029,-3.9332242500004213,-3.7831200000000536,4996.06677575,4996.21688,3.9531005300004836,0.07906169630952704
v3_4h_donchian_20_10_atr4,2026-03-30T20:00:00+08:00,-0.010437499999999874,-0.009199999999999875,-3.943661749999592,-3.792319999999563,4996.05633825,4996.20768,3.963538029999654,0.07927044547967907
v3_4h_donchian_20_10_atr4,2026-03-31T23:59:00+08:00,-0.06613160499999993,-0.06406999999999993,-4.009793354999601,-3.8563899999999194,4995.990206645,4996.14361,4.029669634999664,0.08059307232189897
v3_4h_donchian_55_20_atr4,2026-01-01T04:00:00+08:00,0.0,0.0,0.0,0.0,5000.0,5000.0,0.0,0.0
v3_4h_donchian_55_20_atr4,2026-01-03T00:00:00+08:00,-0.20027849999999994,-0.19699999999999995,-0.20027850000042235,-0.19700000000011642,4999.7997215,4999.803,0.20027850000042235,0.004005570000008447
v3_4h_donchian_55_20_atr4,2026-01-05T16:00:00+08:00,-0.7010284800000002,-0.6973800000000001,-0.9013069800002995,-0.8943799999997282,4999.09869302,4999.10562,0.9013069800002995,0.01802613960000599
v3_4h_donchian_55_20_atr4,2026-01-08T00:00:00+08:00,-0.3444112050000003,-0.3352300000000003,-1.2457181850004417,-1.2296100000003207,4998.754281815,4998.77039,1.2457181850004417,0.02491436370000883
v3_4h_donchian_55_20_atr4,2026-01-19T12:00:00+08:00,-0.45629625,-0.44670000000000004,-1.70201443499991,-1.6763099999998303,4998.297985565,4998.32369,1.70201443499991,0.0340402886999982
v3_4h_donchian_55_20_atr4,2026-01-28T12:00:00+08:00,0.0024329500000000153,0.0026000000000000155,-1.699581484999726,-1.6737100000000282,4998.300418515,4998.32629,1.699581484999726,0.03399162969999452
v3_4h_donchian_55_20_atr4,2026-01-28T20:00:00+08:00,0.05468599999999999,0.057999999999999996,-1.6448954850002337,-1.6157100000000355,4998.355104515,4998.38429,1.6448954850002337,0.032897909700004675
v3_4h_donchian_55_20_atr4,2026-01-28T20:00:00+08:00,-0.0017004,-0.0,-1.6465958850003517,-1.6157100000000355,4998.353404115,4998.38429,1.6465958850003517,0.03293191770000703
v3_4h_donchian_55_20_atr4,2026-02-10T04:00:00+08:00,1.1682752699999999,1.1761199999999998,-0.4783206149995749,-0.43958999999995285,4999.521679385,4999.56041,0.4783206149995749,0.009566412299991498
v3_4h_donchian_55_20_atr4,2026-02-15T00:00:00+08:00,0.10740025000000004,0.11050000000000004,-0.3709203649996198,-0.3290900000001784,4999.629079635,4999.67091,0.3709203649996198,0.007418407299992396
v3_4h_donchian_55_20_atr4,2026-02-17T12:00:00+08:00,-0.002435550000000004,-0.0023000000000000043,-0.37335591499959264,-0.3313900000002832,4999.626644085,4999.66861,0.37335591499959264,0.0074671182999918526
v3_4h_donchian_55_20_atr4,2026-02-19T04:00:00+08:00,-0.09904400000000012,-0.09600000000000011,-0.47239991500009637,-0.42738999999983207,4999.527600085,4999.57261,0.47239991500009637,0.009447998300001927
v3_4h_donchian_55_20_atr4,2026-02-26T00:00:00+08:00,-0.0864747500000001,-0.0835000000000001,-0.5588746650000758,-0.5108899999995629,4999.441125335,4999.48911,0.5588746650000758,0.011177493300001515
v3_4h_donchian_55_20_atr4,2026-02-26T04:00:00+08:00,0.12593435000000003,0.12730000000000005,-0.43294031500045094,-0.3835900000003676,4999.567059685,4999.61641,0.43294031500045094,0.00865880630000902
v3_4h_donchian_55_20_atr4,2026-02-26T12:00:00+08:00,-0.48293207500000057,-0.4762100000000006,-0.9158723900000041,-0.8598000000001775,4999.08412761,4999.1402,0.9158723900000041,0.01831744780000008
v3_4h_donchian_55_20_atr4,2026-03-05T00:00:00+08:00,-0.316553,-0.314,-1.232425389999662,-1.1737999999995736,4998.76757461,4998.8262,1.232425389999662,0.024648507799993242
v3_4h_donchian_55_20_atr4,2026-03-05T04:00:00+08:00,-0.12495300000000002,-0.12200000000000003,-1.3573783900001217,-1.295799999999872,4998.64262161,4998.7042,1.3573783900001217,0.027147567800002437
v3_4h_donchian_55_20_atr4,2026-03-07T08:00:00+08:00,-0.30302195000000115,-0.29602000000000117,-1.6604003399997964,-1.5918199999996432,4998.33959966,4998.40818,1.6604003399997964,0.03320800679999593
v3_4h_donchian_55_20_atr4,2026-03-07T08:00:00+08:00,-0.6708597099999997,-0.6683999999999997,-2.33126005000031,-2.2602200000001176,4997.66873995,4997.73978,2.33126005000031,0.0466252010000062
v3_4h_donchian_55_20_atr4,2026-03-08T04:00:00+08:00,-0.08717495000000003,-0.08590000000000003,-2.41843499999959,-2.3461200000001554,4997.581565,4997.65388,2.41843499999959,0.048368699999991806
v3_4h_donchian_55_20_atr4,2026-03-11T08:00:00+08:00,-0.5260627250000002,-0.5241500000000001,-2.9444977249995645,-2.870270000000346,4997.055502275,4997.12973,2.9444977249995645,0.058889954499991286
v3_4h_donchian_55_20_atr4,2026-03-16T00:00:00+08:00,-0.003228854999999993,-0.003089999999999993,-2.947726579999653,-2.873359999999593,4997.05227342,4997.12664,2.947726579999653,0.05895453159999306
v3_4h_donchian_55_20_atr4,2026-03-17T16:00:00+08:00,-0.004890504999999996,-0.004749999999999996,-2.9526170850003837,-2.8781099999996513,4997.047382915,4997.12189,2.9526170850003837,0.05905234170000767
v3_4h_donchian_55_20_atr4,2026-03-19T16:00:00+08:00,-0.41634696499999985,-0.41392999999999985,-3.368964049999704,-3.29204000000027,4996.63103595,4996.70796,3.368964049999704,0.06737928099999409
v3_4h_donchian_55_20_atr4,2026-03-25T16:00:00+08:00,-0.061438749999999945,-0.05849999999999994,-3.4304027999996833,-3.3505400000003647,4996.5695972,4996.64946,3.4304027999996833,0.06860805599999367
v3_4h_donchian_55_20_atr4,2026-03-25T20:00:00+08:00,-0.004901855000000004,-0.004770000000000003,-3.4353046550004365,-3.3553099999999176,4996.564695345,4996.64469,3.4353046550004365,0.06870609310000873
v3_4h_donchian_55_20_atr4,2026-03-31T23:59:00+08:00,0.14483377999999972,0.15161999999999973,-3.29047087500021,-3.203690000000279,4996.709529125,4996.79631,3.29047087500021,0.0658094175000042
v3_4h_donchian_55_20_atr4,2026-03-31T23:59:00+08:00,-0.06613160499999993,-0.06406999999999993,-3.3566024800002197,-3.2677599999997256,4996.64339752,4996.73224,3.3566024800002197,0.06713204960000439
v3_4h_donchian_55_with_risk_filters,2026-01-01T04:00:00+08:00,0.0,0.0,0.0,0.0,5000.0,5000.0,0.0,0.0
v3_4h_donchian_55_with_risk_filters,2026-01-03T00:00:00+08:00,-0.20027849999999994,-0.19699999999999995,-0.20027850000042235,-0.19700000000011642,4999.7997215,4999.803,0.20027850000042235,0.004005570000008447
v3_4h_donchian_55_with_risk_filters,2026-01-08T00:00:00+08:00,-0.3444112050000003,-0.3352300000000003,-0.5446897049996551,-0.5322299999997995,4999.455310295,4999.46777,0.5446897049996551,0.010893794099993102
v3_4h_donchian_55_with_risk_filters,2026-01-28T12:00:00+08:00,-0.001255205,-0.0010899999999999998,-0.5459449099998892,-0.5333199999995486,4999.45405509,4999.46668,0.5459449099998892,0.010918898199997785
v3_4h_donchian_55_with_risk_filters,2026-01-28T20:00:00+08:00,-0.0017004,-0.0,-0.5476453100000072,-0.5333199999995486,4999.45235469,4999.46668,0.5476453100000072,0.010952906200000143
v3_4h_donchian_55_with_risk_filters,2026-02-10T04:00:00+08:00,1.1682752699999999,1.1761199999999998,0.6206299599998601,0.6427999999996246,5000.62062996,5000.6428,0.0,0.0
v3_4h_donchian_55_with_risk_filters,2026-02-26T00:00:00+08:00,-0.0864747500000001,-0.0835000000000001,0.5341552099998808,0.5592999999998938,5000.53415521,5000.5593,0.0864747499999794,0.0017292803513605291
v3_4h_donchian_55_with_risk_filters,2026-03-05T04:00:00+08:00,-0.12495300000000002,-0.12200000000000003,0.4092022100003305,0.43729999999959546,5000.40920221,5000.4373,0.21142774999952962,0.004228030191548861
v3_4h_donchian_55_with_risk_filters,2026-03-08T04:00:00+08:00,-0.08717495000000003,-0.08590000000000003,0.3220272600001408,0.3513999999995576,5000.32202726,5000.3514,0.29860269999971933,0.00597131280486894
v3_4h_donchian_55_with_risk_filters,2026-03-31T23:59:00+08:00,-0.06613160499999993,-0.06406999999999993,0.25589565500013123,0.2873300000001109,5000.255895655,5000.28733,0.3647343049997289,0.007293780752223278
v3_4h_ema_50_200_atr4,2026-01-01T04:00:00+08:00,0.0,0.0,0.0,0.0,5000.0,5000.0,0.0,0.0
v3_4h_ema_50_200_atr4,2026-01-01T08:00:00+08:00,-0.017053700000000064,-0.015400000000000063,-0.01705370000036055,-0.01540000000022701,4999.9829463,4999.9846,0.01705370000036055,0.000341074000007211
v3_4h_ema_50_200_atr4,2026-01-01T20:00:00+08:00,-0.10773225000000015,-0.10450000000000015,-0.1247859499999322,-0.11989999999968859,4999.87521405,4999.8801,0.1247859499999322,0.002495718999998644
v3_4h_ema_50_200_atr4,2026-01-02T04:00:00+08:00,-0.003163799999999989,-0.0029999999999999892,-0.12794974999997066,-0.12290000000029977,4999.87205025,4999.8771,0.12794974999997066,0.0025589949999994133
v3_4h_ema_50_200_atr4,2026-01-02T20:00:00+08:00,-0.33603924999999996,-0.3272,-0.4639889999998559,-0.4501000000000204,4999.536011,4999.5499,0.4639889999998559,0.009279779999997118
v3_4h_ema_50_200_atr4,2026-01-05T16:00:00+08:00,0.03050710499999997,0.033789999999999966,-0.4334818950001136,-0.41630999999961205,4999.566518105,4999.58369,0.4334818950001136,0.008669637900002271
v3_4h_ema_50_200_atr4,2026-01-08T00:00:00+08:00,-0.2875627950000006,-0.2784100000000006,-0.7210446899998715,-0.6947200000004159,4999.27895531,4999.30528,0.7210446899998715,0.01442089379999743
v3_4h_ema_50_200_atr4,2026-01-08T20:00:00+08:00,-0.07846900000000007,-0.07500000000000007,-0.7995136899999125,-0.769720000000234,4999.20048631,4999.23028,0.7995136899999125,0.015990273799998247
v3_4h_ema_50_200_atr4,2026-01-08T20:00:00+08:00,-0.007876010000000013,-0.007700000000000013,-0.8073897000003853,-0.7774200000003475,4999.1926103,4999.22258,0.8073897000003853,0.016147794000007706
v3_4h_ema_50_200_atr4,2026-01-09T04:00:00+08:00,-0.001052859999999992,-0.0008799999999999919,-0.8084425600000031,-0.7782999999999447,4999.19155744,4999.2217,0.8084425600000031,0.016168851200000063
v3_4h_ema_50_200_atr4,2026-01-10T04:00:00+08:00,-0.0394300000000002,-0.0360000000000002,-0.8478725599998143,-0.8143000000000029,4999.15212744,4999.1857,0.8478725599998143,0.016957451199996285
v3_4h_ema_50_200_atr4,2026-01-10T16:00:00+08:00,-0.01990716000000029,-0.010680000000000292,-0.8677797199998167,-0.8249800000003233,4999.13222028,4999.17502,0.8677797199998167,0.017355594399996333
v3_4h_ema_50_200_atr4,2026-01-11T04:00:00+08:00,-0.015768600000000056,-0.014000000000000058,-0.8835483200000454,-0.838980000000447,4999.11645168,4999.16102,0.8835483200000454,0.017670966400000907
v3_4h_ema_50_200_atr4,2026-01-11T08:00:00+08:00,-0.062268089999999714,-0.05301999999999971,-0.9458164099996793,-0.8919999999998254,4999.05418359,4999.108,0.9458164099996793,0.018916328199993587
v3_4h_ema_50_200_atr4,2026-01-11T20:00:00+08:00,-0.0004022149999999969,-0.0002299999999999969,-0.946218625000256,-0.8922300000003816,4999.053781375,4999.10777,0.946218625000256,0.01892437250000512
v3_4h_ema_50_200_atr4,2026-01-12T08:00:00+08:00,-0.0017124899999999995,-0.0015399999999999993,-0.9479311149998466,-0.8937699999996767,4999.052068885,4999.10623,0.9479311149998466,0.01895862229999693
v3_4h_ema_50_200_atr4,2026-01-12T20:00:00+08:00,-0.10415250000000058,-0.09496000000000059,-1.0520836149999013,-0.9887300000000323,4998.947916385,4999.01127,1.0520836149999013,0.021041672299998027
v3_4h_ema_50_200_atr4,2026-01-12T20:00:00+08:00,-0.0022525900000000022,-0.002080000000000002,-1.0543362050002543,-0.9908100000002378,4998.945663795,4999.00919,1.0543362050002543,0.021086724100005085
v3_4h_ema_50_200_atr4,2026-01-14T04:00:00+08:00,-0.10167703499999983,-0.09842999999999984,-1.156013239999993,-1.0892400000002453,4998.84398676,4998.91076,1.156013239999993,0.02312026479999986
v3_4h_ema_50_200_atr4,2026-01-16T04:00:00+08:00,-0.02692824999999991,-0.02349999999999991,-1.182941490000303,-1.112739999999576,4998.81705851,4998.88726,1.182941490000303,0.02365882980000606
v3_4h_ema_50_200_atr4,2026-01-17T00:00:00+08:00,-0.0022056649999999942,-0.002029999999999994,-1.1851471549998678,-1.114770000000135,4998.814852845,4998.88523,1.1851471549998678,0.023702943099997358
v3_4h_ema_50_200_atr4,2026-01-18T16:00:00+08:00,0.06819900000000001,0.07,-1.1169481549995908,-1.044770000000426,4998.883051845,4998.95523,1.1169481549995908,0.022338963099991813
v3_4h_ema_50_200_atr4,2026-01-19T08:00:00+08:00,-0.002096050000000002,-0.0019200000000000018,-1.1190442050001366,-1.046690000000126,4998.880955795,4998.95331,1.1190442050001366,0.022380884100002732
v3_4h_ema_50_200_atr4,2026-01-19T12:00:00+08:00,0.1311073050000006,0.1404100000000006,-0.9879369000000224,-0.9062800000001516,4999.0120631,4999.09372,0.9879369000000224,0.01975873800000045
v3_4h_ema_50_200_atr4,2026-01-19T12:00:00+08:00,-0.07892569999999992,-0.07559999999999992,-1.0668625999996948,-0.9818800000002739,4998.9331374,4999.01812,1.0668625999996948,0.021337251999993898
v3_4h_ema_50_200_atr4,2026-01-27T20:00:00+08:00,-0.07472357500000013,-0.07161000000000013,-1.1415861750001568,-1.053490000000238,4998.858413825,4998.94651,1.1415861750001568,0.022831723500003134
v3_4h_ema_50_200_atr4,2026-01-28T08:00:00+08:00,-0.20344820500000002,-0.19445,-1.3450343799995608,-1.2479400000001988,4998.65496562,4998.75206,1.3450343799995608,0.026900687599991216
v3_4h_ema_50_200_atr4,2026-01-28T12:00:00+08:00,-0.004693484999999994,-0.004529999999999994,-1.3497278650002045,-1.2524700000003577,4998.650272135,4998.74753,1.3497278650002045,0.026994557300004093
v3_4h_ema_50_200_atr4,2026-01-28T16:00:00+08:00,0.0027139999999998944,0.005999999999999894,-1.347013865000008,-1.2464700000000448,4998.652986135,4998.75353,1.347013865000008,0.02694027730000016
v3_4h_ema_50_200_atr4,2026-01-28T16:00:00+08:00,-0.020078800000000178,-0.018400000000000177,-1.3670926650002002,-1.2648699999999735,4998.632907335,4998.73513,1.3670926650002002,0.027341853300004004
v3_4h_ema_50_200_atr4,2026-01-29T08:00:00+08:00,-0.012262500000000119,-0.009000000000000119,-1.3793551649996516,-1.273869999999988,4998.620644835,4998.72613,1.3793551649996516,0.027587103299993032
v3_4h_ema_50_200_atr4,2026-02-10T04:00:00+08:00,1.6992196650000004,1.7073300000000005,0.3198645000002216,0.4334600000001956,5000.3198645,5000.43346,0.0,0.0
v3_4h_ema_50_200_atr4,2026-02-14T00:00:00+08:00,0.3285879499999999,0.3300999999999999,0.6484524500001498,0.7635600000003251,5000.64845245,5000.76356,0.0,0.0
v3_4h_ema_50_200_atr4,2026-02-14T00:00:00+08:00,0.0022768049999999968,0.0024099999999999968,0.6507292550004422,0.7659700000003795,5000.650729255,5000.76597,0.0,0.0
v3_4h_ema_50_200_atr4,2026-02-14T04:00:00+08:00,0.2598949999999999,0.2629999999999999,0.910624254999675,1.0289700000002995,5000.910624255,5001.02897,0.0,0.0
v3_4h_ema_50_200_atr4,2026-02-14T04:00:00+08:00,-0.02495731499999989,-0.02286999999999989,0.885666940000192,1.0060999999996056,5000.88566694,5001.0061,0.02495731499948306,0.0004990554095975476
v3_4h_ema_50_200_atr4,2026-02-14T20:00:00+08:00,-0.003093469999999994,-0.002959999999999994,0.8825734700003522,1.003139999999803,5000.88257347,5001.00314,0.028050784999322786,0.0005609135436908871
v3_4h_ema_50_200_atr4,2026-02-14T20:00:00+08:00,-0.029072000000000014,-0.027800000000000012,0.8535014700000829,0.9753399999999601,5000.85350147,5000.97534,0.05712278499959211,0.001142247668305447
v3_4h_ema_50_200_atr4,2026-02-15T00:00:00+08:00,-0.0042419450000005824,0.002789999999999418,0.8492595249999795,0.9781300000004194,5000.849259525,5000.97813,0.061364729999695555,0.0012270711198490423
v3_4h_ema_50_200_atr4,2026-02-15T04:00:00+08:00,-0.0004984050000003453,0.0016299999999996545,0.8487611199998355,0.9797600000001694,5000.84876112,5000.97976,0.06186313499983953,0.0012370374047437703
v3_4h_ema_50_200_atr4,2026-02-15T16:00:00+08:00,-0.030804944999999712,-0.02376999999999971,0.8179561750002904,0.9559900000003836,5000.817956175,5000.95599,0.09266807999938464,0.0018530241182462578
v3_4h_ema_50_200_atr4,2026-02-16T12:00:00+08:00,-0.09759576500000003,-0.09547000000000003,0.7203604099995573,0.8605200000001787,5000.72036041,5000.86052,0.19026384500011773,0.00380458399070993
v3_4h_ema_50_200_atr4,2026-02-16T12:00:00+08:00,-0.047286200000000084,-0.04600000000000009,0.6730742099998679,0.8145199999999022,5000.67307421,5000.81452,0.23755004499980714,0.004750135782224576
v3_4h_ema_50_200_atr4,2026-02-20T20:00:00+08:00,0.020666204999999424,0.02758999999999942,0.6937404150003204,0.8421099999995931,5000.693740415,5000.84211,0.21688383999935468,0.0043368869450984135
v3_4h_ema_50_200_atr4,2026-02-21T00:00:00+08:00,-0.027011499999999994,-0.023999999999999994,0.6667289150000215,0.8181100000001607,5000.666728915,5000.81811,0.24389533999965352,0.004877018573712009
v3_4h_ema_50_200_atr4,2026-02-21T04:00:00+08:00,-0.0003134300000000068,-0.00018000000000000681,0.6664154849995612,0.8179300000001604,5000.666415485,5000.81793,0.24420877000011387,0.004883286032261262
v3_4h_ema_50_200_atr4,2026-02-21T04:00:00+08:00,-0.02824651499999971,-0.02136999999999971,0.6381689700001516,0.7965599999997721,5000.63816897,5000.79656,0.27245528499952343,0.0054481134631377635
v3_4h_ema_50_200_atr4,2026-02-21T08:00:00+08:00,-0.0011640349999999975,-0.0010299999999999975,0.6370049349998226,0.7955300000003263,5000.637004935,5000.79553,0.27361931999985245,0.005471389923922392
v3_4h_ema_50_200_atr4,2026-02-21T08:00:00+08:00,0.000536199999999926,0.0017999999999999262,0.6375411349999922,0.7973300000003292,5000.637541135,5000.79733,0.2730831199996828,0.005460667876670258
v3_4h_ema_50_200_atr4,2026-02-21T20:00:00+08:00,-0.009962249999999903,-0.008699999999999904,0.6275788849998207,0.7886300000000119,5000.627578885,5000.78863,0.2830453699998543,0.005659876595815396
v3_4h_ema_50_200_atr4,2026-02-22T04:00:00+08:00,-0.020748650000000046,-0.018700000000000046,0.606830235000416,0.7699300000003859,5000.606830235,5000.76993,0.30379401999925904,0.006074774032669623
v3_4h_ema_50_200_atr4,2026-02-22T04:00:00+08:00,-0.06178973500000029,-0.05493000000000029,0.545040500000141,0.7150000000001455,5000.5450405,5000.715,0.365583754999534,0.007310343704732696
v3_4h_ema_50_200_atr4,2026-02-25T04:00:00+08:00,-0.06286859999999996,-0.06079999999999996,0.48217190000013943,0.6541999999999462,5000.4821719,5000.6542,0.4284523549995356,0.008567486747743335
v3_4h_ema_50_200_atr4,2026-02-26T00:00:00+08:00,-0.02900350000000005,-0.02600000000000005,0.45316840000032244,0.6282000000001062,5000.4531684,5000.6282,0.4574558549993526,0.009147451121814462
v3_4h_ema_50_200_atr4,2026-02-26T00:00:00+08:00,-0.010897965000000018,-0.010770000000000017,0.4422704349999549,0.6174300000002404,5000.442270435,5000.61743,0.46835381999972014,0.009365370733245051
v3_4h_ema_50_200_atr4,2026-02-26T04:00:00+08:00,-0.05934237999999942,-0.05253999999999942,0.3829280549998657,0.5648899999996502,5000.382928055,5000.56489,0.5276961999998093,0.010552002218164451
v3_4h_ema_50_200_atr4,2026-02-27T12:00:00+08:00,-0.0012615149999999956,-0.0011299999999999954,0.38166653999996925,0.563760000000002,5000.38166654,5000.56376,0.5289577149997058,0.010577227923934477
v3_4h_ema_50_200_atr4,2026-02-27T12:00:00+08:00,-0.006985999999999976,-0.003999999999999976,0.3746805399996447,0.5597600000000966,5000.37468054,5000.55976,0.5359437150000304,0.010716922482090378
v3_4h_ema_50_200_atr4,2026-03-01T08:00:00+08:00,-0.013349449999999936,-0.012099999999999937,0.3613310900000215,0.5476600000001781,5000.36133109,5000.54766,0.5492931649996535,0.010983862865605269
v3_4h_ema_50_200_atr4,2026-03-01T12:00:00+08:00,-0.026937580000000582,-0.020160000000000584,0.3343935100001545,0.5275000000001455,5000.33439351,5000.5275,0.5762307449995205,0.01152251636341458
v3_4h_ema_50_200_atr4,2026-03-01T12:00:00+08:00,-0.008965000000000032,-0.006000000000000033,0.32542851000016526,0.5214999999998327,5000.32542851,5000.5215,0.5851957449995098,0.011701783714374782
v3_4h_ema_50_200_atr4,2026-03-02T00:00:00+08:00,-0.1127732100000003,-0.1060800000000003,0.2126552999998239,0.41542000000026746,5000.2126553,5000.41542,0.6979689549998511,0.013956837213099156
v3_4h_ema_50_200_atr4,2026-03-02T20:00:00+08:00,0.00044924999999999826,0.0005799999999999983,0.21310455000002548,0.41600000000016735,5000.21310455,5000.416,0.6975197049996495,0.013947853849188938
v3_4h_ema_50_200_atr4,2026-03-03T00:00:00+08:00,-0.013462749999999954,-0.010499999999999954,0.1996417999998812,0.4054999999998472,5000.1996418,5000.4055,0.7109824549997938,0.014217059820094486
v3_4h_ema_50_200_atr4,2026-03-03T00:00:00+08:00,-0.14832264499999945,-0.14158999999999944,0.05131915499987372,0.2639099999996688,5000.051319155,5000.26391,0.8593050999998013,0.01718297255367995
v3_4h_ema_50_200_atr4,2026-03-04T20:00:00+08:00,-0.00220060499999999,-0.00206999999999999,0.04911854999954812,0.2618400000001202,5000.04911855,5000.26184,0.8615057050001269,0.017226976639448898
v3_4h_ema_50_200_atr4,2026-03-05T00:00:00+08:00,-0.05046925000000004,-0.04750000000000004,-0.0013507000003301073,0.21434000000044762,4999.9986493,5000.21434,0.9119749550000051,0.0182361778388284
v3_4h_ema_50_200_atr4,2026-03-05T00:00:00+08:00,-0.17081016499999993,-0.16832999999999992,-0.17216086499956873,0.046010000000023865,4999.827839135,5000.04601,1.0827851199992438,0.021651759076589165
v3_4h_ema_50_200_atr4,2026-03-06T00:00:00+08:00,-0.05807379999999991,-0.05559999999999991,-0.23023466500035283,-0.009589999999661813,4999.769765335,4999.99041,1.1408589200000279,0.02281302358147992
v3_4h_ema_50_200_atr4,2026-03-06T16:00:00+08:00,-0.07901728500000016,-0.07657000000000017,-0.30925194999963423,-0.08615999999983615,4999.69074805,4999.91384,1.2198762049993093,0.024393081513650085
v3_4h_ema_50_200_atr4,2026-03-09T20:00:00+08:00,0.025420605000000582,0.03231000000000058,-0.2838313450001806,-0.05385000000023865,4999.716168655,4999.94615,1.1944555999998556,0.023884761991278283
v3_4h_ema_50_200_atr4,2026-03-10T00:00:00+08:00,-0.004761749999999943,-0.0034999999999999433,-0.2885930949996691,-0.0573500000000422,4999.711406905,4999.94265,1.1992173499993442,0.02397997964976619
v3_4h_ema_50_200_atr4,2026-03-10T12:00:00+08:00,-0.21395065000000002,-0.2071,-0.5025437450003665,-0.26444999999966967,4999.497456255,4999.73555,1.4131680000000415,0.02825821347708179
v3_4h_ema_50_200_atr4,2026-03-10T16:00:00+08:00,0.010054500000000095,0.013000000000000095,-0.4924892449998879,-0.2514499999997497,4999.507510755,4999.74855,1.403113499999563,0.028057160093889675
v3_4h_ema_50_200_atr4,2026-03-12T00:00:00+08:00,0.0005323999999999262,0.0017999999999999262,-0.4919568449995495,-0.2496499999997468,4999.508043155,4999.75035,1.4025810999992245,0.0280465140327952
v3_4h_ema_50_200_atr4,2026-03-12T04:00:00+08:00,-0.014437749999999982,-0.011499999999999982,-0.5063945949996196,-0.26115000000027067,4999.493605405,4999.73885,1.4170188499992946,0.028335216452911354
v3_4h_ema_50_200_atr4,2026-03-12T20:00:00+08:00,-0.02994049999999994,-0.02699999999999994,-0.5363350950001404,-0.2881500000003143,4999.463664905,4999.71185,1.4469593499998155,0.028933917414598335
v3_4h_ema_50_200_atr4,2026-03-12T20:00:00+08:00,-0.020560950000000067,-0.019300000000000067,-0.5568960450000304,-0.30745000000024447,4999.443103955,4999.69255,1.4675202999997055,0.029345061535034456
v3_4h_ema_50_200_atr4,2026-03-15T08:00:00+08:00,-0.012374149999999995,-0.011099999999999995,-0.569270195000172,-0.31854999999995925,4999.430729805,4999.68145,1.479894449999847,0.029592499470440174
v3_4h_ema_50_200_atr4,2026-03-16T04:00:00+08:00,0.0446615500000001,0.046900000000000094,-0.5246086449997165,-0.2716499999996813,4999.475391355,4999.72835,1.4352328999993915,0.02869943112037125
v3_4h_ema_50_200_atr4,2026-03-17T16:00:00+08:00,-0.004890504999999996,-0.004749999999999996,-0.5294991500004471,-0.2763999999997395,4999.47050085,4999.7236,1.4401234050001221,0.02879722340997969
v3_4h_ema_50_200_atr4,2026-03-18T08:00:00+08:00,-0.027863545000000007,-0.02771000000000001,-0.557362694999938,-0.30411000000003696,4999.442637305,4999.69589,1.467986949999613,0.029354392835570887
v3_4h_ema_50_200_atr4,2026-03-19T00:00:00+08:00,-0.30084275000000005,-0.29350000000000004,-0.8582054449998395,-0.5976099999998041,4999.141794555,4999.40239,1.7688296999995146,0.03537015221628805
v3_4h_ema_50_200_atr4,2026-03-19T04:00:00+08:00,-0.5363997600000002,-0.5338200000000002,-1.394605204999607,-1.131430000000364,4998.605394795,4998.86857,2.305229459999282,0.0460961939375331
v3_4h_ema_50_200_atr4,2026-03-19T12:00:00+08:00,-0.007901800000000108,-0.006600000000000108,-1.4025070050001887,-1.1380300000000716,4998.597492995,4998.86197,2.3131312599998637,0.04625420116050279
v3_4h_ema_50_200_atr4,2026-03-21T12:00:00+08:00,-0.011200249999999948,-0.009899999999999949,-1.4137072550001903,-1.1479300000000876,4998.586292745,4998.85207,2.3243315099998654,0.046478165371054356
v3_4h_ema_50_200_atr4,2026-03-24T04:00:00+08:00,0.01654125000000007,0.019500000000000073,-1.3971660050001447,-1.128429999999753,4998.602833995,4998.87157,2.3077902599998197,0.04614740061153598
v3_4h_ema_50_200_atr4,2026-03-24T16:00:00+08:00,-0.001251840000000001,-0.001120000000000001,-1.39841784500004,-1.1295499999996537,4998.601582155,4998.87045,2.309042099999715,0.04617243285254073
v3_4h_ema_50_200_atr4,2026-03-24T16:00:00+08:00,-0.017444249999999932,-0.01449999999999993,-1.4158620950001932,-1.1440499999998792,4998.584137905,4998.85595,2.3264863499998683,0.04652125432348537
v3_4h_ema_50_200_atr4,2026-03-25T08:00:00+08:00,-0.012445749999999926,-0.009499999999999925,-1.4283078449998357,-1.1535499999999956,4998.571692155,4998.84645,2.3389320999995107,0.04677012399812581
v3_4h_ema_50_200_atr4,2026-03-25T08:00:00+08:00,-0.0014617749999999911,-0.0013299999999999911,-1.4297696200001155,-1.1548800000000483,4998.57023038,4998.84512,2.3403938749997906,0.04679935417458987
v3_4h_ema_50_200_atr4,2026-03-25T20:00:00+08:00,0.026299269999999965,0.028539999999999965,-1.4034703500001342,-1.1263399999998,4998.59652965,4998.87366,2.3140946049998092,0.046273464552159374
v3_4h_ema_50_200_atr4,2026-03-26T04:00:00+08:00,-0.009255844999999728,-0.0070499999999997275,-1.4127261949997774,-1.133389999999963,4998.587273805,4998.86661,2.3233504499994524,0.04645854774390351
v3_4h_ema_50_200_atr4,2026-03-26T16:00:00+08:00,-0.09512937500000034,-0.09289000000000033,-1.5078555700001743,-1.2262799999998606,4998.49214443,4998.77372,2.4184798249998494,0.04836078879854281
v3_4h_ema_50_200_atr4,2026-03-27T16:00:00+08:00,-0.05948790500000029,-0.052430000000000296,-1.5673434749996886,-1.2787099999995917,4998.432656525,4998.72129,2.4779677299993637,0.04955033025347286
v3_4h_ema_50_200_atr4,2026-03-29T00:00:00+08:00,-0.017934000000000012,-0.015000000000000013,-1.5852774750001117,-1.293709999999919,4998.414722525,4998.70629,2.4959017299997868,0.049908944940834817
v3_4h_ema_50_200_atr4,2026-03-30T20:00:00+08:00,0.0020402049999999872,0.0021699999999999875,-1.5832372699996995,-1.2915400000001682,4998.41676273,4998.70846,2.4938615249993745,0.04986814827091401
v3_4h_ema_50_200_atr4,2026-03-31T23:59:00+08:00,0.05816210000000012,0.05940000000000012,-1.5250751699995817,-1.2321400000000722,4998.47492483,4998.76786,2.4356994249992567,0.048705118087610494
v3_4h_ema_50_200_atr4,2026-03-31T23:59:00+08:00,0.021925265000000003,0.028650000000000002,-1.5031499050001003,-1.2034899999998743,4998.496850095,4998.79651,2.4137741599997753,0.048266692635790955
v3_4h_ema_50_200_atr4,2026-03-31T23:59:00+08:00,0.013458579999999946,0.015559999999999945,-1.4896913250004218,-1.1879300000000512,4998.510308675,4998.81207,2.400315580000097,0.047997570049708276
v3_4h_vol_compression_donchian_breakout,2026-01-01T04:00:00+08:00,0.0,0.0,0.0,0.0,5000.0,5000.0,0.0,0.0
v3_4h_vol_compression_donchian_breakout,2026-01-03T00:00:00+08:00,-0.20027849999999994,-0.19699999999999995,-0.20027850000042235,-0.19700000000011642,4999.7997215,4999.803,0.20027850000042235,0.004005570000008447
v3_4h_vol_compression_donchian_breakout,2026-01-08T00:00:00+08:00,-0.21007407000000058,-0.20096000000000058,-0.41035257000021375,-0.39796000000023923,4999.58964743,4999.60204,0.41035257000021375,0.008207051400004274
v3_4h_vol_compression_donchian_breakout,2026-01-12T12:00:00+08:00,-0.34737268500000085,-0.3381900000000009,-0.7577252549999685,-0.736149999999725,4999.242274745,4999.26385,0.7577252549999685,0.01515450509999937
v3_4h_vol_compression_donchian_breakout,2026-01-16T20:00:00+08:00,-0.08643050000000002,-0.08300000000000002,-0.844155755000429,-0.8191500000002634,4999.155844245,4999.18085,0.844155755000429,0.016883115100008582
v3_4h_vol_compression_donchian_breakout,2026-01-19T12:00:00+08:00,0.011757659999999708,0.02111999999999971,-0.8323980949999168,-0.7980299999999261,4999.167601905,4999.20197,0.8323980949999168,0.016647961899998336
v3_4h_vol_compression_donchian_breakout,2026-01-28T12:00:00+08:00,0.009169580000000012,0.009340000000000011,-0.8232285149997551,-0.7886900000003152,4999.176771485,4999.21131,0.8232285149997551,0.016464570299995103
v3_4h_vol_compression_donchian_breakout,2026-01-28T12:00:00+08:00,0.06428030000000022,0.06600000000000023,-0.7589482149996911,-0.7226899999996022,4999.241051785,4999.27731,0.7589482149996911,0.015178964299993823
v3_4h_vol_compression_donchian_breakout,2026-01-28T20:00:00+08:00,0.05468599999999999,0.057999999999999996,-0.7042622150001989,-0.6646899999996094,4999.295737785,4999.33531,0.7042622150001989,0.01408524430000398
v3_4h_vol_compression_donchian_breakout,2026-01-30T00:00:00+08:00,-0.11372975000000005,-0.11050000000000004,-0.8179919650001466,-0.7751900000002934,4999.182008035,4999.22481,0.8179919650001466,0.016359839300002933
v3_4h_vol_compression_donchian_breakout,2026-02-03T00:00:00+08:00,0.06836125000000004,0.07150000000000004,-0.7496307150004213,-0.7036900000002788,4999.250369285,4999.29631,0.7496307150004213,0.014992614300008426
v3_4h_vol_compression_donchian_breakout,2026-02-17T12:00:00+08:00,-0.0006846749999999972,-0.0005499999999999972,-0.7503153899997415,-0.7042400000000271,4999.24968461,4999.29576,0.7503153899997415,0.01500630779999483
v3_4h_vol_compression_donchian_breakout,2026-02-21T04:00:00+08:00,-0.001043065000000011,-0.0009100000000000108,-0.7513584549997177,-0.7051499999997759,4999.248641545,4999.29485,0.7513584549997177,0.015027169099994355
v3_4h_vol_compression_donchian_breakout,2026-02-23T00:00:00+08:00,-0.0013339499999999924,-0.0011999999999999923,-0.7526924049998343,-0.7063500000003842,4999.247307595,4999.29365,0.7526924049998343,0.015053848099996686
v3_4h_vol_compression_donchian_breakout,2026-02-25T08:00:00+08:00,-0.25398442999999987,-0.25191999999999987,-1.0066768349997801,-0.9582700000000841,4998.993323165,4999.04173,1.0066768349997801,0.020133536699995604
v3_4h_vol_compression_donchian_breakout,2026-02-26T00:00:00+08:00,-0.0864747500000001,-0.0835000000000001,-1.0931515849997595,-1.041769999999815,4998.906848415,4998.95823,1.0931515849997595,0.021863031699995192
v3_4h_vol_compression_donchian_breakout,2026-02-26T04:00:00+08:00,-0.20168117500000002,-0.19495,-1.2948327599997356,-1.2367199999998775,4998.70516724,4998.76328,1.2948327599997356,0.025896655199994713
v3_4h_vol_compression_donchian_breakout,2026-03-06T20:00:00+08:00,-0.14459120500000058,-0.13751000000000058,-1.43942396500006,-1.3742300000003524,4998.560576035,4998.62577,1.43942396500006,0.028788479300001196
v3_4h_vol_compression_donchian_breakout,2026-03-07T00:00:00+08:00,-0.05918895000000006,-0.05790000000000006,-1.4986129150001943,-1.432130000000143,4998.501387085,4998.56787,1.4986129150001943,0.029972258300003884
v3_4h_vol_compression_donchian_breakout,2026-03-13T12:00:00+08:00,-0.06486379999999999,-0.06359999999999999,-1.5634767150004336,-1.4957299999996394,4998.436523285,4998.50427,1.5634767150004336,0.03126953430000867
v3_4h_vol_compression_donchian_breakout,2026-03-15T20:00:00+08:00,0.001943520000000002,0.002080000000000002,-1.5615331950002656,-1.4936500000003434,4998.438466805,4998.50635,1.5615331950002656,0.031230663900005312
v3_4h_vol_compression_donchian_breakout,2026-03-18T20:00:00+08:00,0.007036500000000008,0.010000000000000009,-1.5544966950001253,-1.4836500000001251,4998.445503305,4998.51635,1.5544966950001253,0.031089933900002507
v3_4h_vol_compression_donchian_breakout,2026-03-19T04:00:00+08:00,-0.05234785500000022,-0.05001000000000022,-1.6068445499995505,-1.5336600000000544,4998.39315545,4998.46634,1.6068445499995505,0.03213689099999101
v3_4h_vol_compression_donchian_breakout,2026-03-22T04:00:00+08:00,-0.006500300000000102,-0.005200000000000102,-1.6133448500004306,-1.5388599999996586,4998.38665515,4998.46114,1.6133448500004306,0.032266897000008614
v3_4h_vol_compression_donchian_breakout,2026-03-25T16:00:00+08:00,-0.030454250000000023,-0.027500000000000024,-1.6437991000002512,-1.5663599999998041,4998.3562009,4998.43364,1.6437991000002512,0.03287598200000503
v3_4h_vol_compression_donchian_breakout,2026-03-25T20:00:00+08:00,-0.3529249749999994,-0.3458899999999994,-1.996724075000202,-1.9122500000003129,4998.003275925,4998.08775,1.996724075000202,0.03993448150000404
v3_4h_vol_compression_donchian_breakout,2026-03-26T20:00:00+08:00,-0.057440749999999964,-0.054499999999999965,-2.0541648250000435,-1.9667499999995925,4997.945835175,4998.03325,2.0541648250000435,0.04108329650000087
v3_4h_vol_compression_donchian_breakout,2026-03-26T20:00:00+08:00,-0.056701899999999916,-0.05539999999999992,-2.110866725000051,-2.022149999999783,4997.889133275,4997.97785,2.110866725000051,0.042217334500001015
v3_4h_vol_compression_donchian_breakout,2026-03-27T16:00:00+08:00,-0.021036440000000215,-0.018760000000000217,-2.1319031650000397,-2.0409099999997125,4997.868096835,4997.95909,2.1319031650000397,0.04263806330000079
v3_4h_vol_compression_donchian_breakout,2026-03-29T00:00:00+08:00,-0.044920499999999954,-0.041999999999999954,-2.1768236649995742,-2.0829100000000835,4997.823176335,4997.91709,2.1768236649995742,0.04353647329999149
v3_4h_vol_compression_donchian_breakout,2026-03-30T16:00:00+08:00,-0.10433539000000029,-0.09758000000000029,-2.281159054999989,-2.180489999999736,4997.718840945,4997.81951,2.281159054999989,0.045623181099999785
v3_4h_vol_compression_donchian_breakout,2026-03-30T20:00:00+08:00,-0.010437499999999874,-0.009199999999999875,-2.291596555000069,-2.189690000000155,4997.708403445,4997.81031,2.291596555000069,0.04583193110000138
v3_ensemble_core,2026-01-01T04:00:00+08:00,0.0,0.0,0.0,0.0,5000.0,5000.0,0.0,0.0
v3_ensemble_core,2026-01-01T08:00:00+08:00,-0.017053700000000064,-0.015400000000000063,-0.01705370000036055,-0.01540000000022701,4999.9829463,4999.9846,0.01705370000036055,0.000341074000007211
v3_ensemble_core,2026-01-01T20:00:00+08:00,-0.10773225000000015,-0.10450000000000015,-0.1247859499999322,-0.11989999999968859,4999.87521405,4999.8801,0.1247859499999322,0.002495718999998644
v3_ensemble_core,2026-01-02T04:00:00+08:00,-0.003163799999999989,-0.0029999999999999892,-0.12794974999997066,-0.12290000000029977,4999.87205025,4999.8771,0.12794974999997066,0.0025589949999994133
v3_ensemble_core,2026-01-02T20:00:00+08:00,-0.33603924999999996,-0.3272,-0.4639889999998559,-0.4501000000000204,4999.536011,4999.5499,0.4639889999998559,0.009279779999997118
v3_ensemble_core,2026-01-05T16:00:00+08:00,0.03050710499999997,0.033789999999999966,-0.4334818950001136,-0.41630999999961205,4999.566518105,4999.58369,0.4334818950001136,0.008669637900002271
v3_ensemble_core,2026-01-08T00:00:00+08:00,-0.3444112050000003,-0.3352300000000003,-0.7778931000002558,-0.7515400000002046,4999.2221069,4999.24846,0.7778931000002558,0.015557862000005116
v3_ensemble_core,2026-01-08T20:00:00+08:00,-0.07846900000000007,-0.07500000000000007,-0.8563621000002968,-0.8265400000000227,4999.1436379,4999.17346,0.8563621000002968,0.017127242000005934
v3_ensemble_core,2026-01-08T20:00:00+08:00,-0.007876010000000013,-0.007700000000000013,-0.8642381099998602,-0.8342400000001362,4999.13576189,4999.16576,0.8642381099998602,0.017284762199997205
v3_ensemble_core,2026-01-09T04:00:00+08:00,-0.001052859999999992,-0.0008799999999999919,-0.8652909700003875,-0.8351199999997334,4999.13470903,4999.16488,0.8652909700003875,0.01730581940000775
v3_ensemble_core,2026-01-10T04:00:00+08:00,-0.0394300000000002,-0.0360000000000002,-0.9047209700001986,-0.8711199999997916,4999.09527903,4999.12888,0.9047209700001986,0.01809441940000397
v3_ensemble_core,2026-01-10T16:00:00+08:00,-0.01990716000000029,-0.010680000000000292,-0.924628130000201,-0.881800000000112,4999.07537187,4999.1182,0.924628130000201,0.01849256260000402
v3_ensemble_core,2026-01-11T04:00:00+08:00,-0.015768600000000056,-0.014000000000000058,-0.9403967300004297,-0.8958000000002357,4999.05960327,4999.1042,0.9403967300004297,0.018807934600008593
v3_ensemble_core,2026-01-11T08:00:00+08:00,-0.062268089999999714,-0.05301999999999971,-1.0026648200000636,-0.9488199999996141,4998.99733518,4999.05118,1.0026648200000636,0.020053296400001273
v3_ensemble_core,2026-01-11T20:00:00+08:00,-0.0004022149999999969,-0.0002299999999999969,-1.0030670349997308,-0.9490500000001703,4998.996932965,4999.05095,1.0030670349997308,0.020061340699994615
v3_ensemble_core,2026-01-12T08:00:00+08:00,-0.0017124899999999995,-0.0015399999999999993,-1.004779525000231,-0.9505900000003749,4998.995220475,4999.04941,1.004779525000231,0.020095590500004618
v3_ensemble_core,2026-01-12T20:00:00+08:00,-0.10415250000000058,-0.09496000000000059,-1.1089320250002856,-1.045549999999821,4998.891067975,4998.95445,1.1089320250002856,0.022178640500005713
v3_ensemble_core,2026-01-12T20:00:00+08:00,-0.0022525900000000022,-0.002080000000000002,-1.111184614999729,-1.0476300000000265,4998.888815385,4998.95237,1.111184614999729,0.02222369229999458
v3_ensemble_core,2026-01-14T04:00:00+08:00,-0.10167703499999983,-0.09842999999999984,-1.2128616500003773,-1.146060000000034,4998.78713835,4998.85394,1.2128616500003773,0.024257233000007546
v3_ensemble_core,2026-01-16T04:00:00+08:00,-0.02692824999999991,-0.02349999999999991,-1.2397898999997778,-1.1695600000002742,4998.7602101,4998.83044,1.2397898999997778,0.024795797999995556
v3_ensemble_core,2026-01-17T00:00:00+08:00,-0.0022056649999999942,-0.002029999999999994,-1.241995565000252,-1.1715899999999237,4998.758004435,4998.82841,1.241995565000252,0.02483991130000504
v3_ensemble_core,2026-01-18T16:00:00+08:00,0.06819900000000001,0.07,-1.173796564999975,-1.1015900000002148,4998.826203435,4998.89841,1.173796564999975,0.023475931299999503
v3_ensemble_core,2026-01-19T08:00:00+08:00,-0.002096050000000002,-0.0019200000000000018,-1.1758926149996114,-1.1035099999999147,4998.824107385,4998.89649,1.1758926149996114,0.023517852299992228
v3_ensemble_core,2026-01-19T12:00:00+08:00,0.1311073050000006,0.1404100000000006,-1.0447853100004068,-0.9630999999999403,4998.95521469,4999.0369,1.0447853100004068,0.020895706200008135
v3_ensemble_core,2026-01-19T12:00:00+08:00,-0.07892569999999992,-0.07559999999999992,-1.1237110100000791,-1.0387000000000626,4998.87628899,4998.9613,1.1237110100000791,0.022474220200001584
v3_ensemble_core,2026-01-28T12:00:00+08:00,0.0024329500000000153,0.0026000000000000155,-1.121278059999895,-1.0361000000002605,4998.87872194,4998.9639,1.121278059999895,0.0224255611999979
v3_ensemble_core,2026-01-28T16:00:00+08:00,0.05668700000000005,0.06000000000000005,-1.0645910599996569,-0.9760999999998603,4998.93540894,4999.0239,1.0645910599996569,0.021291821199993136
v3_ensemble_core,2026-01-28T16:00:00+08:00,0.010705799999999807,0.012399999999999807,-1.0538852600002429,-0.9637000000002445,4998.94611474,4999.0363,1.0538852600002429,0.02107770520000486
v3_ensemble_core,2026-01-29T08:00:00+08:00,-0.012262500000000119,-0.009000000000000119,-1.0661477599996942,-0.972700000000259,4998.93385224,4999.0273,1.0661477599996942,0.021322955199993884
v3_ensemble_core,2026-02-10T04:00:00+08:00,1.6992196650000004,1.7073300000000005,0.633071905000179,0.7346299999999246,5000.633071905,5000.73463,0.0,0.0
v3_ensemble_core,2026-02-14T00:00:00+08:00,0.3285879499999999,0.3300999999999999,0.9616598550001072,1.0647300000000541,5000.961659855,5001.06473,0.0,0.0
v3_ensemble_core,2026-02-14T00:00:00+08:00,0.0022768049999999968,0.0024099999999999968,0.9639366600003996,1.0671400000001086,5000.96393666,5001.06714,0.0,0.0
v3_ensemble_core,2026-02-14T04:00:00+08:00,0.2598949999999999,0.2629999999999999,1.2238316599996324,1.3301400000000285,5001.22383166,5001.33014,0.0,0.0
v3_ensemble_core,2026-02-14T04:00:00+08:00,-0.02495731499999989,-0.02286999999999989,1.1988743450001493,1.3072700000002442,5001.198874345,5001.30727,0.02495731499948306,0.0004990241556774968
v3_ensemble_core,2026-02-14T20:00:00+08:00,-0.003093469999999994,-0.002959999999999994,1.1957808750003096,1.3043100000004415,5001.195780875,5001.30431,0.028050784999322786,0.0005608784158339142
v3_ensemble_core,2026-02-14T20:00:00+08:00,-0.029072000000000014,-0.027800000000000012,1.1667088750000403,1.2765099999996892,5001.166708875,5001.27651,0.05712278499959211,0.0011421761337290916
v3_ensemble_core,2026-02-15T00:00:00+08:00,-0.0042419450000005824,0.002789999999999418,1.1624669299999368,1.2793000000001484,5001.16246693,5001.2793,0.061364729999695555,0.0012269942731062981
v3_ensemble_core,2026-02-15T04:00:00+08:00,-0.0004984050000003453,0.0016299999999996545,1.1619685249997929,1.2809299999998984,5001.161968525,5001.28093,0.06186313499983953,0.0012369599338509511
v3_ensemble_core,2026-02-15T16:00:00+08:00,-0.030804944999999712,-0.02376999999999971,1.1311635800002477,1.2571600000001126,5001.13116358,5001.25716,0.09266807999938464,0.0018529080704757495
v3_ensemble_core,2026-02-16T20:00:00+08:00,-0.003495020000000003,-0.003360000000000003,1.12766855999962,1.2538000000004104,5001.12766856,5001.2538,0.09616310000001249,0.0019227913654105372
v3_ensemble_core,2026-02-17T00:00:00+08:00,-0.09404650000000012,-0.09100000000000011,1.033622060000198,1.1628000000000611,5001.03362206,5001.1628,0.19020959999943443,0.0038032610897221195
v3_ensemble_core,2026-02-20T20:00:00+08:00,0.020666204999999424,0.02758999999999942,1.054288264999741,1.190389999999752,5001.054288265,5001.19039,0.16954339499989146,0.0033900381327987244
v3_ensemble_core,2026-02-21T00:00:00+08:00,-0.027011499999999994,-0.023999999999999994,1.0272767650003516,1.1663900000003196,5001.027276765,5001.16639,0.1965548949992808,0.0039301359350285385
v3_ensemble_core,2026-02-21T04:00:00+08:00,-0.0003134300000000068,-0.00018000000000000681,1.0269633349998912,1.1662100000003193,5001.026963335,5001.16621,0.19686832499974116,0.003936403001070977
v3_ensemble_core,2026-02-21T04:00:00+08:00,-0.02824651499999971,-0.02136999999999971,0.9987168199995722,1.144839999999931,5000.99871682,5001.14484,0.2251148400000602,0.004501195058996997
v3_ensemble_core,2026-02-21T08:00:00+08:00,-0.0011640349999999975,-0.0010299999999999975,0.9975527850001527,1.1438099999995757,5000.997552785,5001.14381,0.22627887499947974,0.004524470062048264
v3_ensemble_core,2026-02-21T08:00:00+08:00,0.000536199999999926,0.0017999999999999262,0.9980889850003223,1.1456099999995786,5000.998088985,5001.14561,0.2257426749993101,0.004513748686276693
v3_ensemble_core,2026-02-21T20:00:00+08:00,-0.009962249999999903,-0.008699999999999904,0.9881267350001508,1.1369100000001708,5000.988126735,5001.13691,0.2357049249994816,0.00471294492974626
v3_ensemble_core,2026-02-22T04:00:00+08:00,0.01017588000000001,0.01224000000000001,0.9983026150002843,1.1491500000001906,5000.998302615,5001.14915,0.22552904499934812,0.004509477131810172
v3_ensemble_core,2026-02-22T04:00:00+08:00,-0.06178973500000029,-0.05493000000000029,0.9365128800000093,1.0942199999999502,5000.93651288,5001.09422,0.2873187799996231,0.005744969424898877
v3_ensemble_core,2026-02-25T04:00:00+08:00,-0.06286859999999996,-0.06079999999999996,0.8736442800000077,1.0334199999997509,5000.87364428,5001.03342,0.3501873799996247,0.007002033737877933
v3_ensemble_core,2026-02-26T00:00:00+08:00,-0.02900350000000005,-0.02600000000000005,0.8446407800001907,1.007419999999911,5000.84464078,5001.00742,0.3791908799994417,0.0075819617910118835
v3_ensemble_core,2026-02-26T00:00:00+08:00,-0.010897965000000018,-0.010770000000000017,0.8337428149998232,0.9966500000000451,5000.833742815,5000.99665,0.3900888449998092,0.007799867754975715
v3_ensemble_core,2026-02-26T04:00:00+08:00,-0.05934237999999942,-0.05253999999999942,0.774400434999734,0.9441100000003644,5000.774400435,5000.94411,0.4494312249998984,0.008986424925731104
v3_ensemble_core,2026-02-27T12:00:00+08:00,-0.0012615149999999956,-0.0011299999999999954,0.7731389199998375,0.9429799999998068,5000.77313892,5000.94298,0.45069273999979487,0.009011649051712239
v3_ensemble_core,2026-02-27T12:00:00+08:00,-0.006985999999999976,-0.003999999999999976,0.7661529200004225,0.9389799999999013,5000.76615292,5000.93898,0.45767873999920994,0.00915133486131729
v3_ensemble_core,2026-03-01T08:00:00+08:00,-0.013349449999999936,-0.012099999999999937,0.7528034699998898,0.9268799999999828,5000.75280347,5000.92688,0.4710281899997426,0.009418258527401272
v3_ensemble_core,2026-03-01T12:00:00+08:00,-0.026937580000000582,-0.020160000000000584,0.7258658900000228,0.9067199999999502,5000.72586589,5000.90672,0.4979657699996096,0.009956878291414633
v3_ensemble_core,2026-03-01T12:00:00+08:00,-0.0189599999999999,-0.015999999999999903,0.706905889999689,0.8907200000003286,5000.70690589,5000.89072,0.5169257699999434,0.010335985498740739
v3_ensemble_core,2026-03-02T20:00:00+08:00,0.00044924999999999826,0.0005799999999999983,0.7073551399998905,0.8913000000002285,5000.70735514,5000.8913,0.5164765199997419,0.010327002697424035
v3_ensemble_core,2026-03-03T00:00:00+08:00,-0.013462749999999954,-0.010499999999999954,0.6938923899997462,0.8807999999999083,5000.69389239,5000.8808,0.5299392699998862,0.01059619180899547
v3_ensemble_core,2026-03-03T00:00:00+08:00,-0.07877743499999913,-0.07200999999999913,0.6151149549996262,0.8087900000000445,5000.615114955,5000.80879,0.6087167050000062,0.012171354962090585
v3_ensemble_core,2026-03-04T20:00:00+08:00,-0.00220060499999999,-0.00206999999999999,0.6129143500002101,0.8067199999995864,5000.61291435,5000.80672,0.6109173099994223,0.012215356292034771
v3_ensemble_core,2026-03-05T00:00:00+08:00,-0.316553,-0.314,0.2963613499996427,0.49272000000019034,5000.29636135,5000.49272,0.9274703099999897,0.018544867040916763
v3_ensemble_core,2026-03-05T00:00:00+08:00,-0.05046925000000004,-0.04750000000000004,0.24589209999976447,0.44521999999960826,5000.2458921,5000.44522,0.9779395599998679,0.01955400503790832
v3_ensemble_core,2026-03-06T00:00:00+08:00,-0.05807379999999991,-0.05559999999999991,0.18781829999988986,0.3896199999999226,5000.1878183,5000.38962,1.0360133599997425,0.020715196817253236
v3_ensemble_core,2026-03-07T00:00:00+08:00,-0.05918895000000006,-0.05790000000000006,0.1286293499997555,0.33172000000013213,5000.12862935,5000.33172,1.0952023099998769,0.0218986861389157
v3_ensemble_core,2026-03-07T04:00:00+08:00,-0.2514377550000006,-0.2444100000000006,-0.12280840499988699,0.08730999999988853,4999.877191595,5000.08731,1.3466400649995194,0.02692621067016999
v3_ensemble_core,2026-03-09T20:00:00+08:00,0.025420605000000582,0.03231000000000058,-0.09738780000043334,0.11962000000039552,4999.9026122,5000.11962,1.3212194600000657,0.02641792298189398
v3_ensemble_core,2026-03-10T00:00:00+08:00,-0.004761749999999943,-0.0034999999999999433,-0.10214954999992187,0.11611999999968248,4999.89785045,5000.11612,1.3259812099995543,0.02651313467726631
v3_ensemble_core,2026-03-10T12:00:00+08:00,-0.21395065000000002,-0.2071,-0.31610019999970973,-0.090979999999945,4999.6838998,4999.90902,1.5399318599993421,0.0307911005752408
v3_ensemble_core,2026-03-10T16:00:00+08:00,0.010054500000000095,0.013000000000000095,-0.30604570000014064,-0.07798000000002503,4999.6939543,4999.92202,1.529877359999773,0.030590059783266652
v3_ensemble_core,2026-03-12T00:00:00+08:00,0.0005323999999999262,0.0017999999999999262,-0.30551329999980226,-0.07618000000002212,4999.6944867,4999.92382,1.5293449599994346,0.030579414388894017
v3_ensemble_core,2026-03-12T04:00:00+08:00,-0.014437749999999982,-0.011499999999999982,-0.31995104999987234,-0.0876799999996365,4999.68004895,4999.91232,1.5437827099995047,0.03086809872868846
v3_ensemble_core,2026-03-12T20:00:00+08:00,-0.02994049999999994,-0.02699999999999994,-0.3498915500003932,-0.11467999999968015,4999.65010845,4999.88532,1.5737232100000256,0.031466762196037876
v3_ensemble_core,2026-03-12T20:00:00+08:00,-0.020560950000000067,-0.019300000000000067,-0.3704525000002832,-0.1339799999996103,4999.6295475,4999.86602,1.5942841599999156,0.031877880568099724
v3_ensemble_core,2026-03-15T08:00:00+08:00,-0.012374149999999995,-0.011099999999999995,-0.3828266500004247,-0.14508000000023458,4999.61717335,4999.85492,1.606658310000057,0.03212530300741963
v3_ensemble_core,2026-03-16T00:00:00+08:00,-0.003228854999999993,-0.003089999999999993,-0.3860555049996037,-0.14817000000039116,4999.613944495,4999.85183,1.6098871649992361,0.03218986430497122
v3_ensemble_core,2026-03-16T04:00:00+08:00,0.0446615500000001,0.046900000000000094,-0.34139395500005776,-0.10127000000011321,4999.658606045,4999.89873,1.5652256149996902,0.03129685188435492
v3_ensemble_core,2026-03-17T16:00:00+08:00,-0.004890504999999996,-0.004749999999999996,-0.3462844599998789,-0.10602000000017142,4999.65371554,4999.89398,1.5701161199995113,0.03139463804959036
v3_ensemble_core,2026-03-18T08:00:00+08:00,-0.027863545000000007,-0.02771000000000001,-0.3741480050002792,-0.13372999999955937,4999.625851995,4999.86627,1.5979796649999116,0.03195177258182248
v3_ensemble_core,2026-03-19T00:00:00+08:00,-0.30084275000000005,-0.29350000000000004,-0.6749907550001808,-0.42723000000023603,4999.325009245,4999.57277,1.8988224149998132,0.03796715521867692
v3_ensemble_core,2026-03-19T04:00:00+08:00,-0.0413185,-0.04,-0.7163092549999419,-0.46723000000019965,4999.283690745,4999.53277,1.9401409149995743,0.03879332300061454
v3_ensemble_core,2026-03-19T04:00:00+08:00,-0.3135483899999999,-0.3110799999999999,-1.0298576450004475,-0.7783099999996921,4998.970142355,4999.22169,2.25368930500008,0.04506275625444339
v3_ensemble_core,2026-03-19T12:00:00+08:00,-0.007901800000000108,-0.006600000000000108,-1.0377594450001197,-0.7849100000003091,4998.962240555,4999.21509,2.261591104999752,0.045220753582010505
v3_ensemble_core,2026-03-21T12:00:00+08:00,-0.011200249999999948,-0.009899999999999949,-1.0489596950001214,-0.7948100000003251,4998.951040305,4999.20519,2.272791354999754,0.045444703766545316
v3_ensemble_core,2026-03-24T04:00:00+08:00,-0.011444750000000035,-0.008500000000000035,-1.060404445000131,-0.8033100000002378,4998.939595555,4999.19669,2.2842361049997635,0.045673542754465814
v3_ensemble_core,2026-03-24T16:00:00+08:00,-0.001251840000000001,-0.001120000000000001,-1.0616562850000264,-0.8044300000001385,4998.938343715,4999.19557,2.285487944999659,0.04569857342779762
v3_ensemble_core,2026-03-24T16:00:00+08:00,-0.017444249999999932,-0.01449999999999993,-1.0791005350001797,-0.8189300000003641,4998.920899465,4999.18107,2.302932194999812,0.04604737305339573
v3_ensemble_core,2026-03-25T08:00:00+08:00,-0.012445749999999926,-0.009499999999999925,-1.091546284999822,-0.828429999999571,4998.908453715,4999.17157,2.3153779449994545,0.04629622714228603
v3_ensemble_core,2026-03-25T08:00:00+08:00,-0.0014617749999999911,-0.0013299999999999911,-1.093008060000102,-0.8297599999996237,4998.90699194,4999.17024,2.3168397199997344,0.04632545548817662
v3_ensemble_core,2026-03-25T20:00:00+08:00,0.026299269999999965,0.028539999999999965,-1.0667087900001206,-0.8012200000002849,4998.93329121,4999.19878,2.290540449999753,0.04579959880018967
v3_ensemble_core,2026-03-26T04:00:00+08:00,-0.009255844999999728,-0.0070499999999997275,-1.0759646349997638,-0.8082700000004479,4998.924035365,4999.19173,2.299796294999396,0.04598467040088567
v3_ensemble_core,2026-03-26T16:00:00+08:00,-0.09512937500000034,-0.09289000000000033,-1.1710940100001608,-0.9011600000003455,4998.82890599,4999.09884,2.394925669999793,0.047886792325487114
v3_ensemble_core,2026-03-27T16:00:00+08:00,-0.05948790500000029,-0.052430000000000296,-1.230581914999675,-0.9535900000000765,4998.769418085,4999.04641,2.4544135749993075,0.04907625928401293
v3_ensemble_core,2026-03-29T00:00:00+08:00,-0.017934000000000012,-0.015000000000000013,-1.2485159150000982,-0.968590000000404,4998.751484085,4999.03141,2.4723475749997306,0.049434851512716885
v3_ensemble_core,2026-03-30T20:00:00+08:00,0.0020402049999999872,0.0021699999999999875,-1.246475709999686,-0.9664199999997436,4998.75352429,4999.03358,2.4703073699993183,0.049394057397734524
v3_ensemble_core,2026-03-31T23:59:00+08:00,0.05816210000000012,0.05940000000000012,-1.1883136099995681,-0.9070199999996476,4998.81168639,4999.09298,2.4121452699992005,0.04823110005053632
v3_ensemble_core,2026-03-31T23:59:00+08:00,0.021925265000000003,0.028650000000000002,-1.1663883450000867,-0.8783700000003591,4998.833611655,4999.12163,2.390220004999719,0.04779270205561586
v3_ensemble_core,2026-03-31T23:59:00+08:00,0.013458579999999946,0.015559999999999945,-1.1529297650004082,-0.8628099999996266,4998.847070235,4999.13719,2.3767614250000406,0.04752359632364523
