policy_name,date,trade_count,gross_pnl,net_pnl,no_cost_net_pnl,fee_total,slippage_total,cumulative_net_pnl,equity
tf_1h_donchian_20_10_atr3,2026-01-01,1,-0.054530000000000294,-0.06333693500000029,-0.054530000000000294,0.008766935,4e-05,-0.06333693500000029,4999.936663065
tf_1h_donchian_20_10_atr3,2026-01-03,1,-0.1898699999999997,-0.1990425449999997,-0.1898699999999997,0.009132545,4e-05,-0.26237948,4999.73762052
tf_1h_donchian_20_10_atr3,2026-01-05,1,0.04781999999999971,0.03852278999999971,0.04781999999999971,0.00925721,4e-05,-0.2238566900000003,4999.77614331
tf_1h_donchian_20_10_atr3,2026-01-06,1,-0.10111999999999971,-0.1105753599999997,-0.10111999999999971,0.00941536,4e-05,-0.33443205,4999.66556795
tf_1h_donchian_20_10_atr3,2026-01-07,1,-0.13658000000000028,-0.1459647100000003,-0.13658000000000028,0.009344709999999999,4e-05,-0.4803967600000003,4999.51960324
tf_1h_donchian_20_10_atr3,2026-01-09,1,0.09649000000000088,0.08715543500000088,0.09649000000000088,0.009294565000000003,4e-05,-0.3932413249999994,4999.606758675
tf_1h_donchian_20_10_atr3,2026-01-13,1,-0.07419000000000088,-0.08342498500000088,-0.07419000000000088,0.009194985000000001,4e-05,-0.4766663100000003,4999.52333369
tf_1h_donchian_20_10_atr3,2026-01-15,1,0.3407700000000012,0.3312851750000012,0.3407700000000012,0.009444825000000002,4e-05,-0.1453811349999991,4999.854618865
tf_1h_donchian_20_10_atr3,2026-01-17,1,-0.041860000000000584,-0.051357050000000584,-0.041860000000000584,0.009457050000000002,4e-05,-0.19673818499999968,4999.803261815
tf_1h_donchian_20_10_atr3,2026-01-21,1,-0.008150000000000001,-0.017290945,-0.008150000000000001,0.009100945,4e-05,-0.21402912999999968,4999.78597087
tf_1h_donchian_20_10_atr3,2026-01-22,1,-0.09517999999999883,-0.10429559999999884,-0.09517999999999883,0.009075600000000001,4e-05,-0.3183247299999985,4999.68167527
tf_1h_donchian_20_10_atr3,2026-01-23,1,-0.36970000000000003,-0.37872991,-0.36970000000000003,0.008989910000000002,4e-05,-0.6970546399999985,4999.30294536
tf_1h_donchian_20_10_atr3,2026-01-26,1,-0.08198999999999942,-0.09088999499999942,-0.08198999999999942,0.008859995,4e-05,-0.7879446349999979,4999.212055365
tf_1h_donchian_20_10_atr3,2026-01-28,2,-0.3034700000000012,-0.32119065500000116,-0.3034700000000012,0.017640655000000005,8e-05,-1.109135289999999,4998.89086471
tf_1h_donchian_20_10_atr3,2026-02-04,1,0.8705300000000004,0.8623146050000003,0.8705300000000004,0.008175395000000002,4e-05,-0.24682068499999876,4999.753179315
tf_1h_donchian_20_10_atr3,2026-02-06,1,0.6120199999999998,0.6048301399999998,0.6120199999999998,0.00714986,4e-05,0.35800945500000103,5000.358009455
tf_1h_donchian_20_10_atr3,2026-02-07,1,-0.1715,-0.17851575000000003,-0.1715,0.006975750000000001,4e-05,0.179493705000001,5000.179493705
tf_1h_donchian_20_10_atr3,2026-02-08,1,-0.0996300000000003,-0.1066776350000003,-0.0996300000000003,0.007007635000000001,4e-05,0.0728160700000007,5000.07281607
tf_1h_donchian_20_10_atr3,2026-02-10,1,-0.10403999999999942,-0.11113522999999942,-0.10403999999999942,0.007055230000000001,4e-05,-0.038319159999998714,4999.96168084
tf_1h_donchian_20_10_atr3,2026-02-12,1,-0.1981800000000003,-0.2048852700000003,-0.1981800000000003,0.006665270000000002,4e-05,-0.24320442999999903,4999.75679557
tf_1h_donchian_20_10_atr3,2026-02-13,1,-0.18375,-0.19046473500000002,-0.18375,0.006674735000000001,4e-05,-0.4336691649999991,4999.566330835
tf_1h_donchian_20_10_atr3,2026-02-14,1,-0.0871800000000003,-0.09410359000000029,-0.0871800000000003,0.006883590000000001,4e-05,-0.5277727549999993,4999.472227245
tf_1h_donchian_20_10_atr3,2026-02-18,1,0.01626999999999971,0.009416654999999708,0.01626999999999971,0.006813345,4e-05,-0.5183560999999997,4999.4816439
tf_1h_donchian_20_10_atr3,2026-02-20,1,0.010909999999999127,0.004171514999999127,0.010909999999999127,0.006698485,4e-05,-0.5141845850000005,4999.485815415
tf_1h_donchian_20_10_atr3,2026-02-21,1,-0.00913000000000029,-0.015943255000000288,-0.00913000000000029,0.006773255,4e-05,-0.5301278400000008,4999.46987216
tf_1h_donchian_20_10_atr3,2026-02-22,1,-0.08948999999999942,-0.09629627499999942,-0.08948999999999942,0.006766275,4e-05,-0.6264241150000002,4999.373575885
tf_1h_donchian_20_10_atr3,2026-02-23,1,-0.13353999999999944,-0.14021241999999945,-0.13353999999999944,0.00663242,4e-05,-0.7666365349999997,4999.233363465
tf_1h_donchian_20_10_atr3,2026-02-25,1,-0.031780000000000294,-0.03832079000000029,-0.031780000000000294,0.00650079,4e-05,-0.804957325,4999.195042675
tf_1h_donchian_20_10_atr3,2026-02-26,1,0.14413999999999944,0.13732782999999943,0.14413999999999944,0.00677217,4e-05,-0.6676294950000006,4999.332370505
tf_1h_donchian_20_10_atr3,2026-02-27,1,-0.046640000000000875,-0.053493840000000875,-0.046640000000000875,0.006813840000000001,4e-05,-0.7211233350000015,4999.278876665
tf_1h_donchian_20_10_atr3,2026-03-01,2,-0.005759999999999127,-0.019203409999999116,-0.005759999999999127,0.01336341,8e-05,-0.7403267450000005,4999.259673255
tf_1h_donchian_20_10_atr3,2026-03-03,2,-0.4978099999999992,-0.5114031649999992,-0.4978099999999992,0.013513165,8e-05,-1.2517299099999997,4998.74827009
tf_1h_donchian_20_10_atr3,2026-03-05,1,-0.02435,-0.031599915,-0.02435,0.007209915,4e-05,-1.2833298249999996,4998.716670175
tf_1h_donchian_20_10_atr3,2026-03-09,1,0.08173999999999942,0.07483599999999943,0.08173999999999942,0.006864000000000001,4e-05,-1.2084938250000001,4998.791506175
tf_1h_donchian_20_10_atr3,2026-03-10,1,-0.20423999999999942,-0.21112736999999943,-0.20423999999999942,0.00684737,4e-05,-1.4196211949999997,4998.580378805
tf_1h_donchian_20_10_atr3,2026-03-11,1,-0.10947999999999884,-0.11642239999999884,-0.10947999999999884,0.0069024,4e-05,-1.5360435949999984,4998.463956405
tf_1h_donchian_20_10_atr3,2026-03-14,1,-0.1456800000000003,-0.15286487000000032,-0.1456800000000003,0.007144870000000001,4e-05,-1.6889084649999988,4998.311091535
tf_1h_donchian_20_10_atr3,2026-03-18,1,-0.10151999999999971,-0.1088661699999997,-0.10151999999999971,0.007306170000000002,4e-05,-1.7977746349999986,4998.202225365
tf_1h_donchian_20_10_atr3,2026-03-20,1,0.1414699999999997,0.1342788549999997,0.1414699999999997,0.007151145,4e-05,-1.6634957799999988,4998.33650422
tf_1h_donchian_20_10_atr3,2026-03-23,1,0.00795,0.0010485350000000015,0.00795,0.006861464999999999,4e-05,-1.6624472449999987,4998.337552755
tf_1h_donchian_20_10_atr3,2026-03-24,1,-0.006500000000000001,-0.013535590000000002,-0.006500000000000001,0.00699559,4e-05,-1.6759828349999988,4998.324017165
tf_1h_donchian_20_10_atr3,2026-03-25,1,-0.20737999999999884,-0.21444479999999885,-0.20737999999999884,0.0070248,4e-05,-1.8904276349999978,4998.109572365
tf_1h_donchian_20_10_atr3,2026-03-26,1,-0.16742999999999886,-0.17455777499999886,-0.16742999999999886,0.007087775000000001,4e-05,-2.0649854099999967,4997.93501459
tf_1h_donchian_20_10_atr3,2026-03-27,2,-0.2500600000000006,-0.2640599700000006,-0.2500600000000006,0.01391997,8e-05,-2.329045379999997,4997.67095462
tf_1h_donchian_20_10_atr3,2026-03-28,1,0.014210000000000583,0.007517105000000583,0.014210000000000583,0.006652895,4e-05,-2.3215282749999964,4997.678471725
tf_1h_donchian_20_10_atr3,2026-03-30,1,-0.069,-0.07568044,-0.069,0.00664044,4e-05,-2.3972087149999965,4997.602791285
tf_1h_donchian_20_10_atr3,2026-03-31,2,-0.09348999999999942,-0.10689076499999942,-0.09348999999999942,0.013320765000000002,8e-05,-2.504099479999996,4997.49590052
tf_1h_donchian_20_10_atr4,2026-01-01,1,-0.054530000000000294,-0.06333693500000029,-0.054530000000000294,0.008766935,4e-05,-0.06333693500000029,4999.936663065
tf_1h_donchian_20_10_atr4,2026-01-03,1,-0.1898699999999997,-0.1990425449999997,-0.1898699999999997,0.009132545,4e-05,-0.26237948,4999.73762052
tf_1h_donchian_20_10_atr4,2026-01-05,1,0.04781999999999971,0.03852278999999971,0.04781999999999971,0.00925721,4e-05,-0.2238566900000003,4999.77614331
tf_1h_donchian_20_10_atr4,2026-01-07,1,-0.1895,-0.19891117000000003,-0.1895,0.00937117,4e-05,-0.42276786000000033,4999.57723214
tf_1h_donchian_20_10_atr4,2026-01-09,1,0.00921999999999971,-7.093000000029162e-05,0.00921999999999971,0.009250930000000001,4e-05,-0.42283879000000063,4999.57716121
tf_1h_donchian_20_10_atr4,2026-01-13,1,-0.07419000000000088,-0.08342498500000088,-0.07419000000000088,0.009194985000000001,4e-05,-0.5062637750000015,4999.493736225
tf_1h_donchian_20_10_atr4,2026-01-16,1,0.19517000000000118,0.18575797500000116,0.19517000000000118,0.009372025,4e-05,-0.32050580000000034,4999.6794942
tf_1h_donchian_20_10_atr4,2026-01-17,1,-0.041860000000000584,-0.051357050000000584,-0.041860000000000584,0.009457050000000002,4e-05,-0.3718628500000009,4999.62813715
tf_1h_donchian_20_10_atr4,2026-01-21,1,-0.008150000000000001,-0.017290945,-0.008150000000000001,0.009100945,4e-05,-0.3891537950000009,4999.610846205
tf_1h_donchian_20_10_atr4,2026-01-23,2,-0.5709699999999998,-0.5890624649999997,-0.5709699999999998,0.018012465000000005,8e-05,-0.9782162600000006,4999.02178374
tf_1h_donchian_20_10_atr4,2026-01-26,1,-0.08198999999999942,-0.09088999499999942,-0.08198999999999942,0.008859995,4e-05,-1.0691062550000001,4998.930893745
tf_1h_donchian_20_10_atr4,2026-01-28,1,-0.4996600000000006,-0.5085680500000006,-0.4996600000000006,0.00886805,4e-05,-1.5776743050000006,4998.422325695
tf_1h_donchian_20_10_atr4,2026-02-04,1,0.8705300000000004,0.8623146050000003,0.8705300000000004,0.008175395000000002,4e-05,-0.7153597000000003,4999.2846403
tf_1h_donchian_20_10_atr4,2026-02-06,1,0.6120199999999998,0.6048301399999998,0.6120199999999998,0.00714986,4e-05,-0.11052956000000047,4999.88947044
tf_1h_donchian_20_10_atr4,2026-02-07,1,-0.1715,-0.17851575000000003,-0.1715,0.006975750000000001,4e-05,-0.2890453100000005,4999.71095469
tf_1h_donchian_20_10_atr4,2026-02-08,1,-0.0996300000000003,-0.1066776350000003,-0.0996300000000003,0.007007635000000001,4e-05,-0.3957229450000008,4999.604277055
tf_1h_donchian_20_10_atr4,2026-02-10,1,-0.10403999999999942,-0.11113522999999942,-0.10403999999999942,0.007055230000000001,4e-05,-0.5068581750000002,4999.493141825
tf_1h_donchian_20_10_atr4,2026-02-12,1,-0.1981800000000003,-0.2048852700000003,-0.1981800000000003,0.006665270000000002,4e-05,-0.7117434450000005,4999.288256555
tf_1h_donchian_20_10_atr4,2026-02-13,1,-0.18375,-0.19046473500000002,-0.18375,0.006674735000000001,4e-05,-0.9022081800000006,4999.09779182
tf_1h_donchian_20_10_atr4,2026-02-14,1,-0.0871800000000003,-0.09410359000000029,-0.0871800000000003,0.006883590000000001,4e-05,-0.9963117700000008,4999.00368823
tf_1h_donchian_20_10_atr4,2026-02-18,1,0.01626999999999971,0.009416654999999708,0.01626999999999971,0.006813345,4e-05,-0.9868951150000012,4999.013104885
tf_1h_donchian_20_10_atr4,2026-02-20,1,0.008589999999999418,0.0018503549999994168,0.008589999999999418,0.006699645000000001,4e-05,-0.9850447600000017,4999.01495524
tf_1h_donchian_20_10_atr4,2026-02-21,1,0.002010000000000582,-0.004808824999999418,0.002010000000000582,0.0067788250000000005,4e-05,-0.9898535850000011,4999.010146415
tf_1h_donchian_20_10_atr4,2026-02-22,1,-0.08133000000000029,-0.08813219500000029,-0.08133000000000029,0.006762195,4e-05,-1.0779857800000014,4998.92201422
tf_1h_donchian_20_10_atr4,2026-02-23,1,-0.16471999999999973,-0.17140800999999975,-0.16471999999999973,0.00664801,4e-05,-1.2493937900000012,4998.75060621
tf_1h_donchian_20_10_atr4,2026-02-25,1,-0.031780000000000294,-0.03832079000000029,-0.031780000000000294,0.00650079,4e-05,-1.2877145800000014,4998.71228542
tf_1h_donchian_20_10_atr4,2026-02-26,1,0.1469800000000003,0.1401664100000003,0.1469800000000003,0.00677359,4e-05,-1.1475481700000012,4998.85245183
tf_1h_donchian_20_10_atr4,2026-02-27,1,-0.046640000000000875,-0.053493840000000875,-0.046640000000000875,0.006813840000000001,4e-05,-1.201042010000002,4998.79895799
tf_1h_donchian_20_10_atr4,2026-03-01,1,0.1111,0.10435805000000001,0.1111,0.00670195,4e-05,-1.096683960000002,4998.90331604
tf_1h_donchian_20_10_atr4,2026-03-02,1,-0.11280999999999913,-0.11951348499999913,-0.11280999999999913,0.006663484999999999,4e-05,-1.2161974450000013,4998.783802555
tf_1h_donchian_20_10_atr4,2026-03-03,2,-0.4978099999999992,-0.5114031649999992,-0.4978099999999992,0.013513165,8e-05,-1.7276006100000003,4998.27239939
tf_1h_donchian_20_10_atr4,2026-03-05,1,-0.02435,-0.031599915,-0.02435,0.007209915,4e-05,-1.7592005250000002,4998.240799475
tf_1h_donchian_20_10_atr4,2026-03-09,1,0.08173999999999942,0.07483599999999943,0.08173999999999942,0.006864000000000001,4e-05,-1.6843645250000008,4998.315635475
tf_1h_donchian_20_10_atr4,2026-03-10,1,-0.20423999999999942,-0.21112736999999943,-0.20423999999999942,0.00684737,4e-05,-1.8954918950000004,4998.104508105
tf_1h_donchian_20_10_atr4,2026-03-11,1,-0.10947999999999884,-0.11642239999999884,-0.10947999999999884,0.0069024,4e-05,-2.011914294999999,4997.988085705
tf_1h_donchian_20_10_atr4,2026-03-18,1,0.037700000000000004,0.030423440000000003,0.037700000000000004,0.007236560000000001,4e-05,-1.9814908549999992,4998.018509145
tf_1h_donchian_20_10_atr4,2026-03-20,1,0.1414699999999997,0.1342788549999997,0.1414699999999997,0.007151145,4e-05,-1.8472119999999994,4998.152788
tf_1h_donchian_20_10_atr4,2026-03-23,1,0.00795,0.0010485350000000015,0.00795,0.006861464999999999,4e-05,-1.8461634649999994,4998.153836535
tf_1h_donchian_20_10_atr4,2026-03-24,1,-0.006500000000000001,-0.013535590000000002,-0.006500000000000001,0.00699559,4e-05,-1.8596990549999994,4998.140300945
tf_1h_donchian_20_10_atr4,2026-03-25,1,-0.2503799999999988,-0.2574662999999988,-0.2503799999999988,0.007046300000000001,4e-05,-2.1171653549999983,4997.882834645
tf_1h_donchian_20_10_atr4,2026-03-27,2,-0.38093999999999945,-0.3948745299999994,-0.38093999999999945,0.01385453,8e-05,-2.512039884999998,4997.487960115
tf_1h_donchian_20_10_atr4,2026-03-28,1,-0.01656999999999971,-0.02324750499999971,-0.01656999999999971,0.006637505,4e-05,-2.5352873899999975,4997.46471261
tf_1h_donchian_20_10_atr4,2026-03-30,1,-0.069,-0.07568044,-0.069,0.00664044,4e-05,-2.610967829999997,4997.38903217
tf_1h_donchian_20_10_atr4,2026-03-31,2,-0.09348999999999942,-0.10689076499999942,-0.09348999999999942,0.013320765000000002,8e-05,-2.717858594999997,4997.282141405
tf_1h_donchian_20_10_atr5,2026-01-01,1,-0.054530000000000294,-0.06333693500000029,-0.054530000000000294,0.008766935,4e-05,-0.06333693500000029,4999.936663065
tf_1h_donchian_20_10_atr5,2026-01-03,1,-0.1898699999999997,-0.1990425449999997,-0.1898699999999997,0.009132545,4e-05,-0.26237948,4999.73762052
tf_1h_donchian_20_10_atr5,2026-01-05,1,0.04781999999999971,0.03852278999999971,0.04781999999999971,0.00925721,4e-05,-0.2238566900000003,4999.77614331
tf_1h_donchian_20_10_atr5,2026-01-07,1,-0.1895,-0.19891117000000003,-0.1895,0.00937117,4e-05,-0.42276786000000033,4999.57723214
tf_1h_donchian_20_10_atr5,2026-01-09,1,0.00921999999999971,-7.093000000029162e-05,0.00921999999999971,0.009250930000000001,4e-05,-0.42283879000000063,4999.57716121
tf_1h_donchian_20_10_atr5,2026-01-13,1,-0.07419000000000088,-0.08342498500000088,-0.07419000000000088,0.009194985000000001,4e-05,-0.5062637750000015,4999.493736225
tf_1h_donchian_20_10_atr5,2026-01-16,1,0.19517000000000118,0.18575797500000116,0.19517000000000118,0.009372025,4e-05,-0.32050580000000034,4999.6794942
tf_1h_donchian_20_10_atr5,2026-01-17,1,-0.041860000000000584,-0.051357050000000584,-0.041860000000000584,0.009457050000000002,4e-05,-0.3718628500000009,4999.62813715
tf_1h_donchian_20_10_atr5,2026-01-21,1,-0.008150000000000001,-0.017290945,-0.008150000000000001,0.009100945,4e-05,-0.3891537950000009,4999.610846205
tf_1h_donchian_20_10_atr5,2026-01-23,1,-0.31812999999999886,-0.32713412499999883,-0.31812999999999886,0.008964125,4e-05,-0.7162879199999997,4999.28371208
tf_1h_donchian_20_10_atr5,2026-01-24,1,-0.2974100000000006,-0.3064760550000006,-0.2974100000000006,0.009026055,4e-05,-1.0227639750000004,4998.977236025
tf_1h_donchian_20_10_atr5,2026-01-26,1,-0.08198999999999942,-0.09088999499999942,-0.08198999999999942,0.008859995,4e-05,-1.1136539699999997,4998.88634603
tf_1h_donchian_20_10_atr5,2026-01-28,1,-0.4996600000000006,-0.5085680500000006,-0.4996600000000006,0.00886805,4e-05,-1.6222220200000004,4998.37777798
tf_1h_donchian_20_10_atr5,2026-02-04,1,0.8705300000000004,0.8623146050000003,0.8705300000000004,0.008175395000000002,4e-05,-0.759907415,4999.240092585
tf_1h_donchian_20_10_atr5,2026-02-06,1,0.6120199999999998,0.6048301399999998,0.6120199999999998,0.00714986,4e-05,-0.15507727500000024,4999.844922725
tf_1h_donchian_20_10_atr5,2026-02-07,1,-0.1715,-0.17851575000000003,-0.1715,0.006975750000000001,4e-05,-0.33359302500000027,4999.666406975
tf_1h_donchian_20_10_atr5,2026-02-08,1,-0.0996300000000003,-0.1066776350000003,-0.0996300000000003,0.007007635000000001,4e-05,-0.4402706600000006,4999.55972934
tf_1h_donchian_20_10_atr5,2026-02-10,1,-0.10403999999999942,-0.11113522999999942,-0.10403999999999942,0.007055230000000001,4e-05,-0.55140589,4999.44859411
tf_1h_donchian_20_10_atr5,2026-02-12,1,-0.1981800000000003,-0.2048852700000003,-0.1981800000000003,0.006665270000000002,4e-05,-0.7562911600000003,4999.24370884
tf_1h_donchian_20_10_atr5,2026-02-13,1,-0.18375,-0.19046473500000002,-0.18375,0.006674735000000001,4e-05,-0.9467558950000003,4999.053244105
tf_1h_donchian_20_10_atr5,2026-02-14,1,-0.0871800000000003,-0.09410359000000029,-0.0871800000000003,0.006883590000000001,4e-05,-1.0408594850000006,4998.959140515
tf_1h_donchian_20_10_atr5,2026-02-18,1,0.01626999999999971,0.009416654999999708,0.01626999999999971,0.006813345,4e-05,-1.031442830000001,4998.96855717
tf_1h_donchian_20_10_atr5,2026-02-20,1,0.008589999999999418,0.0018503549999994168,0.008589999999999418,0.006699645000000001,4e-05,-1.0295924750000014,4998.970407525
tf_1h_donchian_20_10_atr5,2026-02-21,1,0.0149,0.00807473,0.0149,0.00678527,4e-05,-1.0215177450000015,4998.978482255
tf_1h_donchian_20_10_atr5,2026-02-23,1,-0.11168999999999943,-0.11850737499999943,-0.11168999999999943,0.006777375,4e-05,-1.140025120000001,4998.85997488
tf_1h_donchian_20_10_atr5,2026-02-25,1,0.04896999999999971,0.04238883499999971,0.04896999999999971,0.0065411650000000016,4e-05,-1.0976362850000012,4998.902363715
tf_1h_donchian_20_10_atr5,2026-02-27,2,0.060459999999999126,0.04681250999999913,0.060459999999999126,0.013567490000000001,8e-05,-1.050823775000002,4998.949176225
tf_1h_donchian_20_10_atr5,2026-03-01,1,0.1111,0.10435805000000001,0.1111,0.00670195,4e-05,-0.946465725000002,4999.053534275
tf_1h_donchian_20_10_atr5,2026-03-02,1,-0.11868999999999942,-0.12539054499999944,-0.11868999999999942,0.006660545,4e-05,-1.0718562700000014,4998.92814373
tf_1h_donchian_20_10_atr5,2026-03-03,2,-0.4978099999999992,-0.5114031649999992,-0.4978099999999992,0.013513165,8e-05,-1.5832594350000007,4998.416740565
tf_1h_donchian_20_10_atr5,2026-03-05,1,-0.02435,-0.031599915,-0.02435,0.007209915,4e-05,-1.6148593500000006,4998.38514065
tf_1h_donchian_20_10_atr5,2026-03-09,1,0.08173999999999942,0.07483599999999943,0.08173999999999942,0.006864000000000001,4e-05,-1.5400233500000011,4998.45997665
tf_1h_donchian_20_10_atr5,2026-03-10,1,-0.20423999999999942,-0.21112736999999943,-0.20423999999999942,0.00684737,4e-05,-1.7511507200000007,4998.24884928
tf_1h_donchian_20_10_atr5,2026-03-11,1,-0.10947999999999884,-0.11642239999999884,-0.10947999999999884,0.0069024,4e-05,-1.8675731199999994,4998.13242688
tf_1h_donchian_20_10_atr5,2026-03-18,1,0.037700000000000004,0.030423440000000003,0.037700000000000004,0.007236560000000001,4e-05,-1.8371496799999996,4998.16285032
tf_1h_donchian_20_10_atr5,2026-03-20,1,0.1414699999999997,0.1342788549999997,0.1414699999999997,0.007151145,4e-05,-1.7028708249999998,4998.297129175
tf_1h_donchian_20_10_atr5,2026-03-23,1,0.00795,0.0010485350000000015,0.00795,0.006861464999999999,4e-05,-1.7018222899999997,4998.29817771
tf_1h_donchian_20_10_atr5,2026-03-24,1,-0.006500000000000001,-0.013535590000000002,-0.006500000000000001,0.00699559,4e-05,-1.7153578799999998,4998.28464212
tf_1h_donchian_20_10_atr5,2026-03-25,1,-0.2503799999999988,-0.2574662999999988,-0.2503799999999988,0.007046300000000001,4e-05,-1.9728241799999986,4998.02717582
tf_1h_donchian_20_10_atr5,2026-03-27,2,-0.38093999999999945,-0.3948745299999994,-0.38093999999999945,0.01385453,8e-05,-2.367698709999998,4997.63230129
tf_1h_donchian_20_10_atr5,2026-03-28,1,-0.01656999999999971,-0.02324750499999971,-0.01656999999999971,0.006637505,4e-05,-2.390946214999998,4997.609053785
tf_1h_donchian_20_10_atr5,2026-03-30,1,-0.069,-0.07568044,-0.069,0.00664044,4e-05,-2.4666266549999976,4997.533373345
tf_1h_donchian_20_10_atr5,2026-03-31,2,-0.09348999999999942,-0.10689076499999942,-0.09348999999999942,0.013320765000000002,8e-05,-2.5735174199999973,4997.42648258
tf_1h_donchian_55_20_atr3,2026-01-03,1,-0.1898699999999997,-0.1990425449999997,-0.1898699999999997,0.009132545,4e-05,-0.1990425449999997,4999.800957455
tf_1h_donchian_55_20_atr3,2026-01-06,1,0.05725,0.047873825,0.05725,0.009336175,4e-05,-0.1511687199999997,4999.84883128
tf_1h_donchian_55_20_atr3,2026-01-09,1,0.09649000000000088,0.08715543500000088,0.09649000000000088,0.009294565000000003,4e-05,-0.06401328499999884,4999.935986715
tf_1h_donchian_55_20_atr3,2026-01-15,1,-0.06713999999999942,-0.07682877999999942,-0.06713999999999942,0.009648780000000003,4e-05,-0.14084206499999824,4999.859157935
tf_1h_donchian_55_20_atr3,2026-01-22,1,-0.02631999999999971,-0.03547002999999971,-0.02631999999999971,0.00911003,4e-05,-0.17631209499999795,4999.823687905
tf_1h_donchian_55_20_atr3,2026-01-23,1,-0.36970000000000003,-0.37872991,-0.36970000000000003,0.008989910000000002,4e-05,-0.555042004999998,4999.444957995
tf_1h_donchian_55_20_atr3,2026-01-26,1,-0.08198999999999942,-0.09088999499999942,-0.08198999999999942,0.008859995,4e-05,-0.6459319999999974,4999.354068
tf_1h_donchian_55_20_atr3,2026-01-28,1,-0.24718000000000032,-0.2562142900000003,-0.24718000000000032,0.008994290000000002,4e-05,-0.9021462899999977,4999.09785371
tf_1h_donchian_55_20_atr3,2026-02-04,1,0.7837699999999997,0.7755979849999997,0.7837699999999997,0.008132015000000001,4e-05,-0.12654830499999803,4999.873451695
tf_1h_donchian_55_20_atr3,2026-02-06,1,0.2840399999999994,0.2770141299999994,0.2840399999999994,0.006985870000000001,4e-05,0.15046582500000139,5000.150465825
tf_1h_donchian_55_20_atr3,2026-02-12,1,-0.2004300000000003,-0.2071363950000003,-0.2004300000000003,0.006666395000000001,4e-05,-0.05667056999999892,4999.94332943
tf_1h_donchian_55_20_atr3,2026-02-15,1,-0.08273000000000029,-0.08971993500000029,-0.08273000000000029,0.006949935,4e-05,-0.14639050499999923,4999.8536094950005
tf_1h_donchian_55_20_atr3,2026-02-20,1,0.010909999999999127,0.004171514999999127,0.010909999999999127,0.006698485,4e-05,-0.14221899000000007,4999.85778101
tf_1h_donchian_55_20_atr3,2026-02-21,1,-0.08036000000000058,-0.08720887000000058,-0.08036000000000058,0.00680887,4e-05,-0.22942786000000065,4999.77057214
tf_1h_donchian_55_20_atr3,2026-02-23,1,-0.13353999999999944,-0.14021241999999945,-0.13353999999999944,0.00663242,4e-05,-0.3696402800000001,4999.63035972
tf_1h_donchian_55_20_atr3,2026-02-25,1,-0.028050000000000002,-0.034588925,-0.028050000000000002,0.006498925,4e-05,-0.4042292050000001,4999.595770795
tf_1h_donchian_55_20_atr3,2026-02-26,1,0.06090999999999913,0.05405621499999913,0.06090999999999913,0.006813785,4e-05,-0.35017299000000096,4999.64982701
tf_1h_donchian_55_20_atr3,2026-03-01,1,-0.22409000000000087,-0.23068011500000088,-0.22409000000000087,0.0065501150000000005,4e-05,-0.5808531050000019,4999.419146895
tf_1h_donchian_55_20_atr3,2026-03-06,1,-0.10966999999999971,-0.11684616499999971,-0.10966999999999971,0.007136165,4e-05,-0.6976992700000015,4999.30230073
tf_1h_donchian_55_20_atr3,2026-03-09,1,-0.0742300000000003,-0.0810560150000003,-0.0742300000000003,0.006786015000000001,4e-05,-0.7787552850000019,4999.221244715
tf_1h_donchian_55_20_atr3,2026-03-11,1,-0.10182999999999884,-0.10876857499999884,-0.10182999999999884,0.006898575000000001,4e-05,-0.8875238600000007,4999.11247614
tf_1h_donchian_55_20_atr3,2026-03-18,1,-0.10151999999999971,-0.1088661699999997,-0.10151999999999971,0.007306170000000002,4e-05,-0.9963900300000004,4999.00360997
tf_1h_donchian_55_20_atr3,2026-03-20,1,0.1414699999999997,0.1342788549999997,0.1414699999999997,0.007151145,4e-05,-0.8621111750000007,4999.137888825
tf_1h_donchian_55_20_atr3,2026-03-23,1,-0.13340000000000002,-0.14037214000000003,-0.13340000000000002,0.00693214,4e-05,-1.0024833150000008,4998.997516685
tf_1h_donchian_55_20_atr3,2026-03-24,1,-0.15561000000000058,-0.1627201450000006,-0.15561000000000058,0.007070145,4e-05,-1.1652034600000014,4998.83479654
tf_1h_donchian_55_20_atr3,2026-03-27,1,-0.2018600000000006,-0.2088440700000006,-0.2018600000000006,0.00694407,4e-05,-1.374047530000002,4998.62595247
tf_1h_donchian_55_20_atr3,2026-03-28,1,-0.014939999999999419,-0.02164746999999942,-0.014939999999999419,0.00666747,4e-05,-1.3956950000000012,4998.604305
tf_1h_donchian_55_20_atr3,2026-03-31,1,-0.1282,-0.13493766000000001,-0.1282,0.006697660000000001,4e-05,-1.5306326600000013,4998.46936734
tf_1h_donchian_55_20_atr4,2026-01-03,1,-0.1898699999999997,-0.1990425449999997,-0.1898699999999997,0.009132545,4e-05,-0.1990425449999997,4999.800957455
tf_1h_donchian_55_20_atr4,2026-01-07,1,-0.031130000000000293,-0.04046198500000029,-0.031130000000000293,0.009291985000000001,4e-05,-0.23950453,4999.76049547
tf_1h_donchian_55_20_atr4,2026-01-09,1,0.09649000000000088,0.08715543500000088,0.09649000000000088,0.009294565000000003,4e-05,-0.15234909499999913,4999.847650905
tf_1h_donchian_55_20_atr4,2026-01-16,1,-0.21273999999999943,-0.22235597999999945,-0.21273999999999943,0.009575980000000001,4e-05,-0.3747050749999986,4999.625294925
tf_1h_donchian_55_20_atr4,2026-01-22,1,-0.02631999999999971,-0.03547002999999971,-0.02631999999999971,0.00911003,4e-05,-0.4101751049999983,4999.589824895
tf_1h_donchian_55_20_atr4,2026-01-23,1,-0.36970000000000003,-0.37872991,-0.36970000000000003,0.008989910000000002,4e-05,-0.7889050149999983,4999.211094985
tf_1h_donchian_55_20_atr4,2026-01-27,1,-0.07631000000000059,-0.08520715500000059,-0.07631000000000059,0.008857155,4e-05,-0.874112169999999,4999.12588783
tf_1h_donchian_55_20_atr4,2026-01-28,1,-0.2478800000000003,-0.2569139400000003,-0.2478800000000003,0.008993940000000002,4e-05,-1.1310261099999992,4998.86897389
tf_1h_donchian_55_20_atr4,2026-02-04,1,0.7837699999999997,0.7755979849999997,0.7837699999999997,0.008132015000000001,4e-05,-0.35542812499999954,4999.644571875
tf_1h_donchian_55_20_atr4,2026-02-06,1,0.2840399999999994,0.2770141299999994,0.2840399999999994,0.006985870000000001,4e-05,-0.07841399500000013,4999.921586005
tf_1h_donchian_55_20_atr4,2026-02-12,1,-0.2004300000000003,-0.2071363950000003,-0.2004300000000003,0.006666395000000001,4e-05,-0.28555039000000043,4999.71444961
tf_1h_donchian_55_20_atr4,2026-02-16,1,-0.16981999999999972,-0.17676638999999975,-0.16981999999999972,0.00690639,4e-05,-0.4623167800000002,4999.53768322
tf_1h_donchian_55_20_atr4,2026-02-20,1,-0.0027300000000002912,-0.00947530500000029,-0.0027300000000002912,0.006705304999999999,4e-05,-0.47179208500000047,4999.528207915
tf_1h_donchian_55_20_atr4,2026-02-21,1,-0.06921999999999971,-0.07607443999999972,-0.06921999999999971,0.006814440000000001,4e-05,-0.5478665250000002,4999.452133475
tf_1h_donchian_55_20_atr4,2026-02-23,1,-0.16471999999999973,-0.17140800999999975,-0.16471999999999973,0.00664801,4e-05,-0.7192745349999999,4999.280725465
tf_1h_donchian_55_20_atr4,2026-02-25,1,-0.2152,-0.22183250000000002,-0.2152,0.0065925,4e-05,-0.9411070349999999,4999.058892965
tf_1h_donchian_55_20_atr4,2026-02-26,1,0.06375,0.056894795000000005,0.06375,0.006815205,4e-05,-0.88421224,4999.11578776
tf_1h_donchian_55_20_atr4,2026-03-01,1,-0.28181999999999974,-0.28843897999999973,-0.28181999999999974,0.00657898,4e-05,-1.1726512199999997,4998.82734878
tf_1h_donchian_55_20_atr4,2026-03-06,1,-0.10535,-0.112528325,-0.10535,0.007138325,4e-05,-1.2851795449999996,4998.714820455
tf_1h_donchian_55_20_atr4,2026-03-09,1,-0.0742300000000003,-0.0810560150000003,-0.0742300000000003,0.006786015000000001,4e-05,-1.36623556,4998.63376444
tf_1h_donchian_55_20_atr4,2026-03-11,1,-0.10182999999999884,-0.10876857499999884,-0.10182999999999884,0.006898575000000001,4e-05,-1.4750041349999987,4998.524995865
tf_1h_donchian_55_20_atr4,2026-03-18,1,-0.13505,-0.14237940500000001,-0.13505,0.0072894050000000005,4e-05,-1.6173835399999987,4998.38261646
tf_1h_donchian_55_20_atr4,2026-03-20,1,0.03083999999999942,0.02370416999999942,0.03083999999999942,0.00709583,4e-05,-1.5936793699999994,4998.40632063
tf_1h_donchian_55_20_atr4,2026-03-23,1,-0.13340000000000002,-0.14037214000000003,-0.13340000000000002,0.00693214,4e-05,-1.7340515099999994,4998.26594849
tf_1h_donchian_55_20_atr4,2026-03-24,1,-0.15561000000000058,-0.1627201450000006,-0.15561000000000058,0.007070145,4e-05,-1.896771655,4998.103228345
tf_1h_donchian_55_20_atr4,2026-03-27,1,-0.2018600000000006,-0.2088440700000006,-0.2018600000000006,0.00694407,4e-05,-2.1056157250000007,4997.894384275
tf_1h_donchian_55_20_atr4,2026-03-28,1,-0.014939999999999419,-0.02164746999999942,-0.014939999999999419,0.00666747,4e-05,-2.1272631950000003,4997.872736805
tf_1h_donchian_55_20_atr4,2026-03-31,1,-0.1282,-0.13493766000000001,-0.1282,0.006697660000000001,4e-05,-2.262200855,4997.737799145
tf_1h_donchian_55_20_atr5,2026-01-07,1,0.04893999999999942,0.03964804999999942,0.04893999999999942,0.009251950000000002,4e-05,0.03964804999999942,5000.03964805
tf_1h_donchian_55_20_atr5,2026-01-09,1,0.09649000000000088,0.08715543500000088,0.09649000000000088,0.009294565000000003,4e-05,0.1268034850000003,5000.126803485
tf_1h_donchian_55_20_atr5,2026-01-16,1,-0.2462300000000003,-0.2558292350000003,-0.2462300000000003,0.009559235000000001,4e-05,-0.12902575000000002,4999.87097425
tf_1h_donchian_55_20_atr5,2026-01-22,1,-0.02631999999999971,-0.03547002999999971,-0.02631999999999971,0.00911003,4e-05,-0.16449577999999973,4999.83550422
tf_1h_donchian_55_20_atr5,2026-01-23,1,-0.36970000000000003,-0.37872991,-0.36970000000000003,0.008989910000000002,4e-05,-0.5432256899999998,4999.45677431
tf_1h_donchian_55_20_atr5,2026-01-27,1,-0.12191999999999971,-0.13083995999999973,-0.12191999999999971,0.008879960000000001,4e-05,-0.6740656499999995,4999.32593435
tf_1h_donchian_55_20_atr5,2026-01-29,1,-0.2528800000000003,-0.26191144000000033,-0.2528800000000003,0.008991440000000002,4e-05,-0.9359770899999998,4999.06402291
tf_1h_donchian_55_20_atr5,2026-02-06,1,1.68005,1.672326125,1.68005,0.007683875000000001,4e-05,0.7363490350000003,5000.736349035
tf_1h_donchian_55_20_atr5,2026-02-12,1,-0.2004300000000003,-0.2071363950000003,-0.2004300000000003,0.006666395000000001,4e-05,0.5292126399999999,5000.52921264
tf_1h_donchian_55_20_atr5,2026-02-16,1,-0.16981999999999972,-0.17676638999999975,-0.16981999999999972,0.00690639,4e-05,0.3524462500000002,5000.35244625
tf_1h_donchian_55_20_atr5,2026-02-20,1,-0.009430000000000292,-0.01617865500000029,-0.009430000000000292,0.006708655,4e-05,0.3362675949999999,5000.336267595
tf_1h_donchian_55_20_atr5,2026-02-21,1,-0.056330000000000297,-0.0631908850000003,-0.056330000000000297,0.0068208850000000005,4e-05,0.2730767099999996,5000.27307671
tf_1h_donchian_55_20_atr5,2026-02-25,1,-0.13445000000000001,-0.14112287500000004,-0.13445000000000001,0.006632875000000001,4e-05,0.13195383499999958,5000.131953835
tf_1h_donchian_55_20_atr5,2026-02-27,1,0.007189999999999418,0.00036307499999941814,0.007189999999999418,0.006786925,4e-05,0.13231690999999898,5000.13231691
tf_1h_donchian_55_20_atr5,2026-03-01,1,-0.28181999999999974,-0.28843897999999973,-0.28181999999999974,0.00657898,4e-05,-0.15612207000000075,4999.84387793
tf_1h_donchian_55_20_atr5,2026-03-06,1,-0.25716999999999973,-0.2642724149999997,-0.25716999999999973,0.007062415000000001,4e-05,-0.42039448500000043,4999.579605515
tf_1h_donchian_55_20_atr5,2026-03-09,1,-0.0742300000000003,-0.0810560150000003,-0.0742300000000003,0.006786015000000001,4e-05,-0.5014505000000008,4999.4985495
tf_1h_donchian_55_20_atr5,2026-03-11,1,-0.10182999999999884,-0.10876857499999884,-0.10182999999999884,0.006898575000000001,4e-05,-0.6102190749999996,4999.389780925
tf_1h_donchian_55_20_atr5,2026-03-18,1,-0.13505,-0.14237940500000001,-0.13505,0.0072894050000000005,4e-05,-0.7525984799999996,4999.24740152
tf_1h_donchian_55_20_atr5,2026-03-20,1,0.03083999999999942,0.02370416999999942,0.03083999999999942,0.00709583,4e-05,-0.7288943100000002,4999.27110569
tf_1h_donchian_55_20_atr5,2026-03-23,1,-0.13340000000000002,-0.14037214000000003,-0.13340000000000002,0.00693214,4e-05,-0.8692664500000002,4999.13073355
tf_1h_donchian_55_20_atr5,2026-03-24,1,-0.15561000000000058,-0.1627201450000006,-0.15561000000000058,0.007070145,4e-05,-1.031986595000001,4998.968013405
tf_1h_donchian_55_20_atr5,2026-03-27,1,-0.2018600000000006,-0.2088440700000006,-0.2018600000000006,0.00694407,4e-05,-1.2408306650000014,4998.759169335
tf_1h_donchian_55_20_atr5,2026-03-28,1,-0.014939999999999419,-0.02164746999999942,-0.014939999999999419,0.00666747,4e-05,-1.262478135000001,4998.737521865
tf_1h_donchian_55_20_atr5,2026-03-31,1,-0.1282,-0.13493766000000001,-0.1282,0.006697660000000001,4e-05,-1.3974157950000008,4998.602584205
tf_1h_donchian_55_with_risk_filters_atr3,2026-01-22,1,-0.02631999999999971,-0.03547002999999971,-0.02631999999999971,0.00911003,4e-05,-0.03547002999999971,4999.96452997
tf_1h_donchian_55_with_risk_filters_atr3,2026-01-23,1,-0.36970000000000003,-0.37872991,-0.36970000000000003,0.008989910000000002,4e-05,-0.4141999399999997,4999.58580006
tf_1h_donchian_55_with_risk_filters_atr4,2026-01-22,1,-0.02631999999999971,-0.03547002999999971,-0.02631999999999971,0.00911003,4e-05,-0.03547002999999971,4999.96452997
tf_1h_donchian_55_with_risk_filters_atr4,2026-01-23,1,-0.36970000000000003,-0.37872991,-0.36970000000000003,0.008989910000000002,4e-05,-0.4141999399999997,4999.58580006
tf_1h_donchian_55_with_risk_filters_atr5,2026-01-22,1,-0.02631999999999971,-0.03547002999999971,-0.02631999999999971,0.00911003,4e-05,-0.03547002999999971,4999.96452997
tf_1h_donchian_55_with_risk_filters_atr5,2026-01-23,1,-0.36970000000000003,-0.37872991,-0.36970000000000003,0.008989910000000002,4e-05,-0.4141999399999997,4999.58580006
tf_1h_ema_cross_atr_trail_atr3,2026-01-01,2,-0.27161999999999975,-0.2892742799999998,-0.27161999999999975,0.01757428,8e-05,-0.2892742799999998,4999.71072572
tf_1h_ema_cross_atr_trail_atr3,2026-01-02,3,0.06940000000000002,0.04279332000000001,0.06940000000000002,0.026486680000000005,0.00012000000000000002,-0.24648095999999975,4999.75351904
tf_1h_ema_cross_atr_trail_atr3,2026-01-03,1,0.09361000000000058,0.08457919500000058,0.09361000000000058,0.008990805000000003,4e-05,-0.1619017649999992,4999.838098235
tf_1h_ema_cross_atr_trail_atr3,2026-01-06,1,0.2759600000000006,0.2666931800000006,0.2759600000000006,0.00922682,4e-05,0.10479141500000139,5000.104791415
tf_1h_ema_cross_atr_trail_atr3,2026-01-07,5,-0.1788400000000009,-0.2256103200000009,-0.1788400000000009,0.04657032,0.0002,-0.1208189049999995,4999.879181095
tf_1h_ema_cross_atr_trail_atr3,2026-01-09,2,-0.11643999999999943,-0.1349216299999994,-0.11643999999999943,0.018401630000000002,8e-05,-0.25574053499999894,4999.744259465
tf_1h_ema_cross_atr_trail_atr3,2026-01-10,4,-0.008530000000000294,-0.04551273500000029,-0.008530000000000294,0.036822735,0.00016,-0.3012532699999992,4999.69874673
tf_1h_ema_cross_atr_trail_atr3,2026-01-11,4,0.002990000000000867,-0.03398947499999913,0.002990000000000867,0.036819475000000004,0.00016,-0.33524274499999834,4999.664757255
tf_1h_ema_cross_atr_trail_atr3,2026-01-12,3,-0.1277100000000006,-0.1554150750000006,-0.1277100000000006,0.027585075,0.00012000000000000002,-0.4906578199999989,4999.50934218
tf_1h_ema_cross_atr_trail_atr3,2026-01-13,4,-0.3938800000000003,-0.4306855900000003,-0.3938800000000003,0.036645590000000006,0.00016,-0.9213434099999992,4999.07865659
tf_1h_ema_cross_atr_trail_atr3,2026-01-15,1,0.3407700000000012,0.3312851750000012,0.3407700000000012,0.009444825000000002,4e-05,-0.590058234999998,4999.409941765
tf_1h_ema_cross_atr_trail_atr3,2026-01-16,3,-0.28884999999999855,-0.31747419499999857,-0.28884999999999855,0.028504195000000003,0.00012000000000000002,-0.9075324299999965,4999.09246757
tf_1h_ema_cross_atr_trail_atr3,2026-01-17,3,0.16720999999999914,0.13858719499999914,0.16720999999999914,0.028502805,0.00012000000000000002,-0.7689452349999975,4999.231054765
tf_1h_ema_cross_atr_trail_atr3,2026-01-18,3,-0.06238999999999942,-0.09103112499999941,-0.06238999999999942,0.028521125,0.00012000000000000002,-0.8599763599999968,4999.14002364
tf_1h_ema_cross_atr_trail_atr3,2026-01-19,1,-0.01118999999999942,-0.020666204999999417,-0.01118999999999942,0.009436205000000001,4e-05,-0.8806425649999963,4999.119357435
tf_1h_ema_cross_atr_trail_atr3,2026-01-20,1,-0.20980000000000001,-0.21920849000000003,-0.20980000000000001,0.009368490000000002,4e-05,-1.0998510549999962,4998.900148945
tf_1h_ema_cross_atr_trail_atr3,2026-01-22,1,0.14534000000000089,0.13610414000000087,0.14534000000000089,0.00919586,4e-05,-0.9637469149999954,4999.036253085
tf_1h_ema_cross_atr_trail_atr3,2026-01-23,3,-0.19386000000000062,-0.2212444100000006,-0.19386000000000062,0.027264410000000003,0.00012000000000000002,-1.184991324999996,4998.815008675
tf_1h_ema_cross_atr_trail_atr3,2026-01-24,2,-0.10256000000000058,-0.12062466000000058,-0.10256000000000058,0.01798466,8e-05,-1.3056159849999966,4998.694384015
tf_1h_ema_cross_atr_trail_atr3,2026-01-25,4,-0.057740000000000874,-0.09381382000000088,-0.057740000000000874,0.03591382,0.00016,-1.3994298049999974,4998.600570195
tf_1h_ema_cross_atr_trail_atr3,2026-01-26,1,0.06307000000000117,0.054097475000001165,0.06307000000000117,0.008932525000000002,4e-05,-1.3453323299999964,4998.65466767
tf_1h_ema_cross_atr_trail_atr3,2026-01-27,1,-0.02085,-0.029774885,-0.02085,0.008884885,4e-05,-1.3751072149999963,4998.624892785
tf_1h_ema_cross_atr_trail_atr3,2026-01-28,2,-0.06331000000000203,-0.08088681500000205,-0.06331000000000203,0.017496815,8e-05,-1.4559940299999983,4998.54400597
tf_1h_ema_cross_atr_trail_atr3,2026-01-29,3,0.040580000000000296,0.013759070000000295,0.040580000000000296,0.02670093,0.00012000000000000002,-1.442234959999998,4998.55776504
tf_1h_ema_cross_atr_trail_atr3,2026-02-03,3,0.775940000000001,0.7514253600000009,0.775940000000001,0.024394640000000002,0.00012000000000000002,-0.6908095999999971,4999.3091904
tf_1h_ema_cross_atr_trail_atr3,2026-02-04,1,0.1736300000000003,0.1657630550000003,0.1736300000000003,0.007826945,4e-05,-0.5250465449999968,4999.474953455
tf_1h_ema_cross_atr_trail_atr3,2026-02-07,1,0.6594199999999998,0.6519887899999998,0.6594199999999998,0.007391210000000001,4e-05,0.12694224500000295,5000.126942245
tf_1h_ema_cross_atr_trail_atr3,2026-02-08,1,-0.16745000000000002,-0.17446372500000004,-0.16745000000000002,0.006973725,4e-05,-0.04752147999999709,4999.95247852
tf_1h_ema_cross_atr_trail_atr3,2026-02-09,2,-0.08190999999999912,-0.09609636499999913,-0.08190999999999912,0.014106365000000003,8e-05,-0.14361784499999622,4999.856382155
tf_1h_ema_cross_atr_trail_atr3,2026-02-10,1,-0.0049800000000002915,-0.012097490000000292,-0.0049800000000002915,0.007077490000000001,4e-05,-0.1557153349999965,4999.844284665
tf_1h_ema_cross_atr_trail_atr3,2026-02-11,1,-0.011060000000000583,-0.01815117000000058,-0.011060000000000583,0.00705117,4e-05,-0.1738665049999971,4999.826133495
tf_1h_ema_cross_atr_trail_atr3,2026-02-12,1,0.2550099999999991,0.2480758849999991,0.2550099999999991,0.006894115000000001,4e-05,0.07420938000000202,5000.07420938
tf_1h_ema_cross_atr_trail_atr3,2026-02-13,2,-0.1401699999999997,-0.15361991499999972,-0.1401699999999997,0.013369915,8e-05,-0.0794105349999977,4999.920589465
tf_1h_ema_cross_atr_trail_atr3,2026-02-14,2,-0.1643600000000006,-0.1781495700000006,-0.1643600000000006,0.01370957,8e-05,-0.25756010499999826,4999.742439895
tf_1h_ema_cross_atr_trail_atr3,2026-02-16,3,-0.04708000000000029,-0.06786754000000028,-0.04708000000000029,0.020667539999999998,0.00012000000000000002,-0.32542764499999854,4999.674572355
tf_1h_ema_cross_atr_trail_atr3,2026-02-17,2,-0.06746000000000059,-0.08128622000000058,-0.06746000000000059,0.01374622,8e-05,-0.4067138649999992,4999.593286135
tf_1h_ema_cross_atr_trail_atr3,2026-02-20,2,0.037830000000000294,0.024260235000000296,0.037830000000000294,0.013489765,8e-05,-0.3824536299999989,4999.61754637
tf_1h_ema_cross_atr_trail_atr3,2026-02-21,1,-0.019079999999998837,-0.025892049999998834,-0.019079999999998837,0.00677205,4e-05,-0.4083456799999977,4999.59165432
tf_1h_ema_cross_atr_trail_atr3,2026-02-22,2,-0.10731999999999971,-0.1209511599999997,-0.10731999999999971,0.013551160000000001,8e-05,-0.5292968399999973,4999.47070316
tf_1h_ema_cross_atr_trail_atr3,2026-02-23,1,-0.13353999999999944,-0.14021241999999945,-0.13353999999999944,0.00663242,4e-05,-0.6695092599999968,4999.33049074
tf_1h_ema_cross_atr_trail_atr3,2026-02-25,3,-0.09705999999999913,-0.11698783999999918,-0.09705999999999913,0.01980784,0.00012000000000000002,-0.7864970999999961,4999.2135029
tf_1h_ema_cross_atr_trail_atr3,2026-02-27,2,-0.1415300000000003,-0.1552287850000003,-0.1415300000000003,0.013618785,8e-05,-0.9417258849999963,4999.058274115
tf_1h_ema_cross_atr_trail_atr3,2026-03-01,3,-0.18913999999999798,-0.20922466999999795,-0.18913999999999798,0.01996467,0.00012000000000000002,-1.1509505549999943,4998.849049445
tf_1h_ema_cross_atr_trail_atr3,2026-03-02,3,-0.08004999999999854,-0.10012763499999855,-0.08004999999999854,0.019957635,0.00012000000000000002,-1.2510781899999928,4998.74892181
tf_1h_ema_cross_atr_trail_atr3,2026-03-03,3,-0.48778999999999945,-0.5080889649999994,-0.48778999999999945,0.020178965,0.00012000000000000002,-1.7591671549999923,4998.240832845
tf_1h_ema_cross_atr_trail_atr3,2026-03-06,4,0.13299000000000086,0.10455191500000088,0.13299000000000086,0.028278085,0.00016,-1.6546152399999914,4998.34538476
tf_1h_ema_cross_atr_trail_atr3,2026-03-09,5,-0.4615,-0.49522323000000007,-0.4615,0.03352323,0.0002,-2.1498384699999917,4997.85016153
tf_1h_ema_cross_atr_trail_atr3,2026-03-10,1,-0.06185,-0.068666175,-0.06185,0.006776175000000001,4e-05,-2.2185046449999914,4997.781495355
tf_1h_ema_cross_atr_trail_atr3,2026-03-11,3,-0.1512,-0.17214396,-0.1512,0.020823960000000002,0.00012000000000000002,-2.3906486049999915,4997.609351395
tf_1h_ema_cross_atr_trail_atr3,2026-03-12,4,-0.03653000000000029,-0.06460911500000029,-0.03653000000000029,0.027919115,0.00016,-2.4552577199999917,4997.54474228
tf_1h_ema_cross_atr_trail_atr3,2026-03-14,4,-0.04453999999999941,-0.07301443999999942,-0.04453999999999941,0.028314440000000003,0.00016,-2.5282721599999913,4997.47172784
tf_1h_ema_cross_atr_trail_atr3,2026-03-18,3,0.09280999999999914,0.07073460499999915,0.09280999999999914,0.021955395000000003,0.00012000000000000002,-2.457537554999992,4997.542462445
tf_1h_ema_cross_atr_trail_atr3,2026-03-21,4,-0.1271600000000006,-0.1555115400000006,-0.1271600000000006,0.02819154,0.00016,-2.6130490949999925,4997.386950905
tf_1h_ema_cross_atr_trail_atr3,2026-03-23,1,0.06292000000000117,0.05584970000000117,0.06292000000000117,0.007030300000000001,4e-05,-2.5571993949999916,4997.442800605
tf_1h_ema_cross_atr_trail_atr3,2026-03-25,1,-0.013410000000000583,-0.02043837500000058,-0.013410000000000583,0.006988375000000001,4e-05,-2.577637769999992,4997.42236223
tf_1h_ema_cross_atr_trail_atr3,2026-03-26,1,-0.11610000000000001,-0.12325195000000001,-0.11610000000000001,0.0071119500000000006,4e-05,-2.700889719999992,4997.29911028
tf_1h_ema_cross_atr_trail_atr3,2026-03-27,2,-0.2632,-0.27718564,-0.2632,0.01390564,8e-05,-2.978075359999992,4997.02192464
tf_1h_ema_cross_atr_trail_atr3,2026-03-28,1,-0.014939999999999419,-0.02164746999999942,-0.014939999999999419,0.00666747,4e-05,-2.9997228299999916,4997.00027717
tf_1h_ema_cross_atr_trail_atr3,2026-03-30,1,-0.012410000000000582,-0.01914089500000058,-0.012410000000000582,0.0066908950000000005,4e-05,-3.018863724999992,4996.981136275
tf_1h_ema_cross_atr_trail_atr3,2026-03-31,3,-0.055460000000002035,-0.07567489000000205,-0.055460000000002035,0.020094890000000004,0.00012000000000000002,-3.094538614999994,4996.905461385
tf_1h_ema_cross_atr_trail_atr4,2026-01-01,2,-0.27161999999999975,-0.2892742799999998,-0.27161999999999975,0.01757428,8e-05,-0.2892742799999998,4999.71072572
tf_1h_ema_cross_atr_trail_atr4,2026-01-02,3,0.06940000000000002,0.04279332000000001,0.06940000000000002,0.026486680000000005,0.00012000000000000002,-0.24648095999999975,4999.75351904
tf_1h_ema_cross_atr_trail_atr4,2026-01-03,1,0.09361000000000058,0.08457919500000058,0.09361000000000058,0.008990805000000003,4e-05,-0.1619017649999992,4999.838098235
tf_1h_ema_cross_atr_trail_atr4,2026-01-07,5,0.09565999999999913,0.04902692999999912,0.09565999999999913,0.04643307000000001,0.0002,-0.11287483500000006,4999.887125165
tf_1h_ema_cross_atr_trail_atr4,2026-01-09,2,-0.11643999999999943,-0.1349216299999994,-0.11643999999999943,0.018401630000000002,8e-05,-0.24779646499999947,4999.752203535
tf_1h_ema_cross_atr_trail_atr4,2026-01-10,4,-0.008530000000000294,-0.04551273500000029,-0.008530000000000294,0.036822735,0.00016,-0.29330919999999977,4999.7066908
tf_1h_ema_cross_atr_trail_atr4,2026-01-11,4,0.002990000000000867,-0.03398947499999913,0.002990000000000867,0.036819475000000004,0.00016,-0.3272986749999989,4999.672701325
tf_1h_ema_cross_atr_trail_atr4,2026-01-12,3,-0.1277100000000006,-0.1554150750000006,-0.1277100000000006,0.027585075,0.00012000000000000002,-0.4827137499999995,4999.51728625
tf_1h_ema_cross_atr_trail_atr4,2026-01-13,4,-0.3938800000000003,-0.4306855900000003,-0.3938800000000003,0.036645590000000006,0.00016,-0.9133993399999998,4999.08660066
tf_1h_ema_cross_atr_trail_atr4,2026-01-16,3,0.10993000000000175,0.08150519500000172,0.10993000000000175,0.028304805000000002,0.00012000000000000002,-0.831894144999998,4999.168105855
tf_1h_ema_cross_atr_trail_atr4,2026-01-17,3,0.16720999999999914,0.13858719499999914,0.16720999999999914,0.028502805,0.00012000000000000002,-0.6933069499999989,4999.30669305
tf_1h_ema_cross_atr_trail_atr4,2026-01-18,3,-0.06238999999999942,-0.09103112499999941,-0.06238999999999942,0.028521125,0.00012000000000000002,-0.7843380749999983,4999.215661925
tf_1h_ema_cross_atr_trail_atr4,2026-01-19,1,-0.01118999999999942,-0.020666204999999417,-0.01118999999999942,0.009436205000000001,4e-05,-0.8050042799999978,4999.19499572
tf_1h_ema_cross_atr_trail_atr4,2026-01-20,1,-0.20980000000000001,-0.21920849000000003,-0.20980000000000001,0.009368490000000002,4e-05,-1.0242127699999979,4998.97578723
tf_1h_ema_cross_atr_trail_atr4,2026-01-22,1,0.14534000000000089,0.13610414000000087,0.14534000000000089,0.00919586,4e-05,-0.888108629999997,4999.11189137
tf_1h_ema_cross_atr_trail_atr4,2026-01-23,3,-0.19386000000000062,-0.2212444100000006,-0.19386000000000062,0.027264410000000003,0.00012000000000000002,-1.1093530399999976,4998.89064696
tf_1h_ema_cross_atr_trail_atr4,2026-01-24,2,-0.10256000000000058,-0.12062466000000058,-0.10256000000000058,0.01798466,8e-05,-1.229977699999998,4998.7700223
tf_1h_ema_cross_atr_trail_atr4,2026-01-25,4,-0.057740000000000874,-0.09381382000000088,-0.057740000000000874,0.03591382,0.00016,-1.323791519999999,4998.67620848
tf_1h_ema_cross_atr_trail_atr4,2026-01-26,1,0.06307000000000117,0.054097475000001165,0.06307000000000117,0.008932525000000002,4e-05,-1.2696940449999978,4998.730305955
tf_1h_ema_cross_atr_trail_atr4,2026-01-27,1,-0.02085,-0.029774885,-0.02085,0.008884885,4e-05,-1.2994689299999977,4998.70053107
tf_1h_ema_cross_atr_trail_atr4,2026-01-28,2,-0.06331000000000203,-0.08088681500000205,-0.06331000000000203,0.017496815,8e-05,-1.380355745,4998.619644255
tf_1h_ema_cross_atr_trail_atr4,2026-01-29,3,0.040580000000000296,0.013759070000000295,0.040580000000000296,0.02670093,0.00012000000000000002,-1.3665966749999996,4998.633403325
tf_1h_ema_cross_atr_trail_atr4,2026-02-03,3,0.775940000000001,0.7514253600000009,0.775940000000001,0.024394640000000002,0.00012000000000000002,-0.6151713149999987,4999.384828685
tf_1h_ema_cross_atr_trail_atr4,2026-02-04,1,0.1736300000000003,0.1657630550000003,0.1736300000000003,0.007826945,4e-05,-0.44940825999999834,4999.55059174
tf_1h_ema_cross_atr_trail_atr4,2026-02-07,1,0.6594199999999998,0.6519887899999998,0.6594199999999998,0.007391210000000001,4e-05,0.20258053000000142,5000.20258053
tf_1h_ema_cross_atr_trail_atr4,2026-02-08,1,-0.16745000000000002,-0.17446372500000004,-0.16745000000000002,0.006973725,4e-05,0.028116805000001382,5000.028116805
tf_1h_ema_cross_atr_trail_atr4,2026-02-09,2,-0.08190999999999912,-0.09609636499999913,-0.08190999999999912,0.014106365000000003,8e-05,-0.06797955999999775,4999.93202044
tf_1h_ema_cross_atr_trail_atr4,2026-02-10,1,-0.0049800000000002915,-0.012097490000000292,-0.0049800000000002915,0.007077490000000001,4e-05,-0.08007704999999804,4999.91992295
tf_1h_ema_cross_atr_trail_atr4,2026-02-11,1,-0.011060000000000583,-0.01815117000000058,-0.011060000000000583,0.00705117,4e-05,-0.09822821999999862,4999.90177178
tf_1h_ema_cross_atr_trail_atr4,2026-02-12,1,0.2550099999999991,0.2480758849999991,0.2550099999999991,0.006894115000000001,4e-05,0.1498476650000005,5000.149847665
tf_1h_ema_cross_atr_trail_atr4,2026-02-13,2,-0.1401699999999997,-0.15361991499999972,-0.1401699999999997,0.013369915,8e-05,-0.0037722499999992276,4999.99622775
tf_1h_ema_cross_atr_trail_atr4,2026-02-14,2,-0.1643600000000006,-0.1781495700000006,-0.1643600000000006,0.01370957,8e-05,-0.18192181999999982,4999.81807818
tf_1h_ema_cross_atr_trail_atr4,2026-02-16,3,-0.04708000000000029,-0.06786754000000028,-0.04708000000000029,0.020667539999999998,0.00012000000000000002,-0.2497893600000001,4999.75021064
tf_1h_ema_cross_atr_trail_atr4,2026-02-17,2,-0.06746000000000059,-0.08128622000000058,-0.06746000000000059,0.01374622,8e-05,-0.3310755800000007,4999.66892442
tf_1h_ema_cross_atr_trail_atr4,2026-02-20,2,0.04221000000000058,0.02862440500000059,0.04221000000000058,0.013505594999999999,8e-05,-0.30245117500000007,4999.697548825
tf_1h_ema_cross_atr_trail_atr4,2026-02-21,1,-0.019079999999998837,-0.025892049999998834,-0.019079999999998837,0.00677205,4e-05,-0.3283432249999989,4999.671656775
tf_1h_ema_cross_atr_trail_atr4,2026-02-22,2,-0.10731999999999971,-0.1209511599999997,-0.10731999999999971,0.013551160000000001,8e-05,-0.44929438499999863,4999.550705615
tf_1h_ema_cross_atr_trail_atr4,2026-02-23,1,-0.16471999999999973,-0.17140800999999975,-0.16471999999999973,0.00664801,4e-05,-0.6207023949999984,4999.379297605
tf_1h_ema_cross_atr_trail_atr4,2026-02-25,2,-0.04301999999999971,-0.05642190999999971,-0.04301999999999971,0.013321910000000001,8e-05,-0.6771243049999981,4999.322875695
tf_1h_ema_cross_atr_trail_atr4,2026-02-27,1,-0.1588100000000006,-0.1656869050000006,-0.1588100000000006,0.006836905000000001,4e-05,-0.8428112099999987,4999.15718879
tf_1h_ema_cross_atr_trail_atr4,2026-03-01,3,-0.18913999999999798,-0.20922466999999795,-0.18913999999999798,0.01996467,0.00012000000000000002,-1.0520358799999967,4998.94796412
tf_1h_ema_cross_atr_trail_atr4,2026-03-02,3,-0.08004999999999854,-0.10012763499999855,-0.08004999999999854,0.019957635,0.00012000000000000002,-1.1521635149999951,4998.847836485
tf_1h_ema_cross_atr_trail_atr4,2026-03-03,3,-0.48778999999999945,-0.5080889649999994,-0.48778999999999945,0.020178965,0.00012000000000000002,-1.6602524799999947,4998.33974752
tf_1h_ema_cross_atr_trail_atr4,2026-03-06,4,0.07946000000000059,0.05104868000000057,0.07946000000000059,0.028251320000000003,0.00016,-1.609203799999994,4998.3907962
tf_1h_ema_cross_atr_trail_atr4,2026-03-09,5,-0.4615,-0.49522323000000007,-0.4615,0.03352323,0.0002,-2.104427029999994,4997.89557297
tf_1h_ema_cross_atr_trail_atr4,2026-03-10,1,-0.06185,-0.068666175,-0.06185,0.006776175000000001,4e-05,-2.173093204999994,4997.826906795
tf_1h_ema_cross_atr_trail_atr4,2026-03-11,3,-0.1512,-0.17214396,-0.1512,0.020823960000000002,0.00012000000000000002,-2.345237164999994,4997.654762835
tf_1h_ema_cross_atr_trail_atr4,2026-03-12,4,-0.03653000000000029,-0.06460911500000029,-0.03653000000000029,0.027919115,0.00016,-2.4098462799999942,4997.59015372
tf_1h_ema_cross_atr_trail_atr4,2026-03-14,4,-0.04453999999999941,-0.07301443999999942,-0.04453999999999941,0.028314440000000003,0.00016,-2.482860719999994,4997.51713928
tf_1h_ema_cross_atr_trail_atr4,2026-03-18,3,0.09280999999999914,0.07073460499999915,0.09280999999999914,0.021955395000000003,0.00012000000000000002,-2.4121261149999946,4997.587873885
tf_1h_ema_cross_atr_trail_atr4,2026-03-21,4,-0.1271600000000006,-0.1555115400000006,-0.1271600000000006,0.02819154,0.00016,-2.567637654999995,4997.432362345
tf_1h_ema_cross_atr_trail_atr4,2026-03-23,1,0.06292000000000117,0.05584970000000117,0.06292000000000117,0.007030300000000001,4e-05,-2.511787954999994,4997.488212045
tf_1h_ema_cross_atr_trail_atr4,2026-03-25,1,-0.013410000000000583,-0.02043837500000058,-0.013410000000000583,0.006988375000000001,4e-05,-2.5322263299999945,4997.46777367
tf_1h_ema_cross_atr_trail_atr4,2026-03-26,1,-0.11610000000000001,-0.12325195000000001,-0.11610000000000001,0.0071119500000000006,4e-05,-2.6554782799999948,4997.34452172
tf_1h_ema_cross_atr_trail_atr4,2026-03-27,2,-0.2632,-0.27718564,-0.2632,0.01390564,8e-05,-2.9326639199999947,4997.06733608
tf_1h_ema_cross_atr_trail_atr4,2026-03-29,1,-0.03998999999999942,-0.04670999499999942,-0.03998999999999942,0.006679995,4e-05,-2.9793739149999943,4997.020626085
tf_1h_ema_cross_atr_trail_atr4,2026-03-30,1,-0.008639999999999419,-0.01537277999999942,-0.008639999999999419,0.006692780000000001,4e-05,-2.9947466949999937,4997.005253305
tf_1h_ema_cross_atr_trail_atr4,2026-03-31,3,-0.055460000000002035,-0.07567489000000205,-0.055460000000002035,0.020094890000000004,0.00012000000000000002,-3.0704215849999956,4996.929578415
tf_1h_ema_cross_atr_trail_atr5,2026-01-01,2,-0.27161999999999975,-0.2892742799999998,-0.27161999999999975,0.01757428,8e-05,-0.2892742799999998,4999.71072572
tf_1h_ema_cross_atr_trail_atr5,2026-01-02,3,0.06940000000000002,0.04279332000000001,0.06940000000000002,0.026486680000000005,0.00012000000000000002,-0.24648095999999975,4999.75351904
tf_1h_ema_cross_atr_trail_atr5,2026-01-03,1,0.09361000000000058,0.08457919500000058,0.09361000000000058,0.008990805000000003,4e-05,-0.1619017649999992,4999.838098235
tf_1h_ema_cross_atr_trail_atr5,2026-01-07,5,0.09565999999999913,0.04902692999999912,0.09565999999999913,0.04643307000000001,0.0002,-0.11287483500000006,4999.887125165
tf_1h_ema_cross_atr_trail_atr5,2026-01-09,2,-0.11643999999999943,-0.1349216299999994,-0.11643999999999943,0.018401630000000002,8e-05,-0.24779646499999947,4999.752203535
tf_1h_ema_cross_atr_trail_atr5,2026-01-10,4,-0.008530000000000294,-0.04551273500000029,-0.008530000000000294,0.036822735,0.00016,-0.29330919999999977,4999.7066908
tf_1h_ema_cross_atr_trail_atr5,2026-01-11,4,0.002990000000000867,-0.03398947499999913,0.002990000000000867,0.036819475000000004,0.00016,-0.3272986749999989,4999.672701325
tf_1h_ema_cross_atr_trail_atr5,2026-01-12,3,-0.1277100000000006,-0.1554150750000006,-0.1277100000000006,0.027585075,0.00012000000000000002,-0.4827137499999995,4999.51728625
tf_1h_ema_cross_atr_trail_atr5,2026-01-13,4,-0.3938800000000003,-0.4306855900000003,-0.3938800000000003,0.036645590000000006,0.00016,-0.9133993399999998,4999.08660066
tf_1h_ema_cross_atr_trail_atr5,2026-01-16,3,0.10993000000000175,0.08150519500000172,0.10993000000000175,0.028304805000000002,0.00012000000000000002,-0.831894144999998,4999.168105855
tf_1h_ema_cross_atr_trail_atr5,2026-01-17,3,0.16720999999999914,0.13858719499999914,0.16720999999999914,0.028502805,0.00012000000000000002,-0.6933069499999989,4999.30669305
tf_1h_ema_cross_atr_trail_atr5,2026-01-18,3,-0.06238999999999942,-0.09103112499999941,-0.06238999999999942,0.028521125,0.00012000000000000002,-0.7843380749999983,4999.215661925
tf_1h_ema_cross_atr_trail_atr5,2026-01-19,1,-0.01118999999999942,-0.020666204999999417,-0.01118999999999942,0.009436205000000001,4e-05,-0.8050042799999978,4999.19499572
tf_1h_ema_cross_atr_trail_atr5,2026-01-20,1,-0.20980000000000001,-0.21920849000000003,-0.20980000000000001,0.009368490000000002,4e-05,-1.0242127699999979,4998.97578723
tf_1h_ema_cross_atr_trail_atr5,2026-01-22,1,0.14534000000000089,0.13610414000000087,0.14534000000000089,0.00919586,4e-05,-0.888108629999997,4999.11189137
tf_1h_ema_cross_atr_trail_atr5,2026-01-23,3,-0.19386000000000062,-0.2212444100000006,-0.19386000000000062,0.027264410000000003,0.00012000000000000002,-1.1093530399999976,4998.89064696
tf_1h_ema_cross_atr_trail_atr5,2026-01-24,2,-0.10256000000000058,-0.12062466000000058,-0.10256000000000058,0.01798466,8e-05,-1.229977699999998,4998.7700223
tf_1h_ema_cross_atr_trail_atr5,2026-01-25,4,-0.057740000000000874,-0.09381382000000088,-0.057740000000000874,0.03591382,0.00016,-1.323791519999999,4998.67620848
tf_1h_ema_cross_atr_trail_atr5,2026-01-26,1,0.06307000000000117,0.054097475000001165,0.06307000000000117,0.008932525000000002,4e-05,-1.2696940449999978,4998.730305955
tf_1h_ema_cross_atr_trail_atr5,2026-01-27,1,-0.02085,-0.029774885,-0.02085,0.008884885,4e-05,-1.2994689299999977,4998.70053107
tf_1h_ema_cross_atr_trail_atr5,2026-01-28,2,-0.06331000000000203,-0.08088681500000205,-0.06331000000000203,0.017496815,8e-05,-1.380355745,4998.619644255
tf_1h_ema_cross_atr_trail_atr5,2026-01-29,3,0.040580000000000296,0.013759070000000295,0.040580000000000296,0.02670093,0.00012000000000000002,-1.3665966749999996,4998.633403325
tf_1h_ema_cross_atr_trail_atr5,2026-02-03,3,0.775940000000001,0.7514253600000009,0.775940000000001,0.024394640000000002,0.00012000000000000002,-0.6151713149999987,4999.384828685
tf_1h_ema_cross_atr_trail_atr5,2026-02-04,1,0.1736300000000003,0.1657630550000003,0.1736300000000003,0.007826945,4e-05,-0.44940825999999834,4999.55059174
tf_1h_ema_cross_atr_trail_atr5,2026-02-07,1,0.6594199999999998,0.6519887899999998,0.6594199999999998,0.007391210000000001,4e-05,0.20258053000000142,5000.20258053
tf_1h_ema_cross_atr_trail_atr5,2026-02-08,1,-0.16745000000000002,-0.17446372500000004,-0.16745000000000002,0.006973725,4e-05,0.028116805000001382,5000.028116805
tf_1h_ema_cross_atr_trail_atr5,2026-02-09,2,-0.08190999999999912,-0.09609636499999913,-0.08190999999999912,0.014106365000000003,8e-05,-0.06797955999999775,4999.93202044
tf_1h_ema_cross_atr_trail_atr5,2026-02-10,1,-0.0049800000000002915,-0.012097490000000292,-0.0049800000000002915,0.007077490000000001,4e-05,-0.08007704999999804,4999.91992295
tf_1h_ema_cross_atr_trail_atr5,2026-02-11,1,-0.011060000000000583,-0.01815117000000058,-0.011060000000000583,0.00705117,4e-05,-0.09822821999999862,4999.90177178
tf_1h_ema_cross_atr_trail_atr5,2026-02-12,1,0.2550099999999991,0.2480758849999991,0.2550099999999991,0.006894115000000001,4e-05,0.1498476650000005,5000.149847665
tf_1h_ema_cross_atr_trail_atr5,2026-02-13,2,-0.1401699999999997,-0.15361991499999972,-0.1401699999999997,0.013369915,8e-05,-0.0037722499999992276,4999.99622775
tf_1h_ema_cross_atr_trail_atr5,2026-02-14,2,-0.1643600000000006,-0.1781495700000006,-0.1643600000000006,0.01370957,8e-05,-0.18192181999999982,4999.81807818
tf_1h_ema_cross_atr_trail_atr5,2026-02-16,3,-0.04708000000000029,-0.06786754000000028,-0.04708000000000029,0.020667539999999998,0.00012000000000000002,-0.2497893600000001,4999.75021064
tf_1h_ema_cross_atr_trail_atr5,2026-02-17,2,-0.06746000000000059,-0.08128622000000058,-0.06746000000000059,0.01374622,8e-05,-0.3310755800000007,4999.66892442
tf_1h_ema_cross_atr_trail_atr5,2026-02-20,1,0.09996000000000059,0.09315665000000059,0.09996000000000059,0.006763350000000001,4e-05,-0.23791893000000008,4999.76208107
tf_1h_ema_cross_atr_trail_atr5,2026-02-21,1,-0.019079999999998837,-0.025892049999998834,-0.019079999999998837,0.00677205,4e-05,-0.2638109799999989,4999.73618902
tf_1h_ema_cross_atr_trail_atr5,2026-02-22,2,-0.10731999999999971,-0.1209511599999997,-0.10731999999999971,0.013551160000000001,8e-05,-0.38476213999999864,4999.61523786
tf_1h_ema_cross_atr_trail_atr5,2026-02-25,2,-0.21203999999999945,-0.22535739999999946,-0.21203999999999945,0.013237400000000002,8e-05,-0.6101195399999981,4999.38988046
tf_1h_ema_cross_atr_trail_atr5,2026-02-27,1,-0.1588100000000006,-0.1656869050000006,-0.1588100000000006,0.006836905000000001,4e-05,-0.7758064449999986,4999.224193555
tf_1h_ema_cross_atr_trail_atr5,2026-03-01,3,-0.18913999999999798,-0.20922466999999795,-0.18913999999999798,0.01996467,0.00012000000000000002,-0.9850311149999966,4999.014968885
tf_1h_ema_cross_atr_trail_atr5,2026-03-02,3,-0.08004999999999854,-0.10012763499999855,-0.08004999999999854,0.019957635,0.00012000000000000002,-1.0851587499999953,4998.91484125
tf_1h_ema_cross_atr_trail_atr5,2026-03-03,3,-0.48778999999999945,-0.5080889649999994,-0.48778999999999945,0.020178965,0.00012000000000000002,-1.5932477149999946,4998.406752285
tf_1h_ema_cross_atr_trail_atr5,2026-03-06,4,0.07946000000000059,0.05104868000000057,0.07946000000000059,0.028251320000000003,0.00016,-1.5421990349999941,4998.457800965
tf_1h_ema_cross_atr_trail_atr5,2026-03-09,5,-0.4615,-0.49522323000000007,-0.4615,0.03352323,0.0002,-2.0374222649999942,4997.962577735
tf_1h_ema_cross_atr_trail_atr5,2026-03-10,1,-0.06185,-0.068666175,-0.06185,0.006776175000000001,4e-05,-2.106088439999994,4997.89391156
tf_1h_ema_cross_atr_trail_atr5,2026-03-11,3,-0.1512,-0.17214396,-0.1512,0.020823960000000002,0.00012000000000000002,-2.278232399999994,4997.7217676
tf_1h_ema_cross_atr_trail_atr5,2026-03-12,4,-0.03653000000000029,-0.06460911500000029,-0.03653000000000029,0.027919115,0.00016,-2.3428415149999946,4997.657158485
tf_1h_ema_cross_atr_trail_atr5,2026-03-14,4,-0.04453999999999941,-0.07301443999999942,-0.04453999999999941,0.028314440000000003,0.00016,-2.415855954999994,4997.584144045
tf_1h_ema_cross_atr_trail_atr5,2026-03-18,3,0.09280999999999914,0.07073460499999915,0.09280999999999914,0.021955395000000003,0.00012000000000000002,-2.3451213499999946,4997.65487865
tf_1h_ema_cross_atr_trail_atr5,2026-03-21,4,-0.1271600000000006,-0.1555115400000006,-0.1271600000000006,0.02819154,0.00016,-2.5006328899999954,4997.49936711
tf_1h_ema_cross_atr_trail_atr5,2026-03-23,1,0.06292000000000117,0.05584970000000117,0.06292000000000117,0.007030300000000001,4e-05,-2.444783189999994,4997.55521681
tf_1h_ema_cross_atr_trail_atr5,2026-03-25,1,-0.013410000000000583,-0.02043837500000058,-0.013410000000000583,0.006988375000000001,4e-05,-2.465221564999995,4997.534778435
tf_1h_ema_cross_atr_trail_atr5,2026-03-26,1,-0.11610000000000001,-0.12325195000000001,-0.11610000000000001,0.0071119500000000006,4e-05,-2.5884735149999947,4997.411526485
tf_1h_ema_cross_atr_trail_atr5,2026-03-27,2,-0.2632,-0.27718564,-0.2632,0.01390564,8e-05,-2.8656591549999946,4997.134340845
tf_1h_ema_cross_atr_trail_atr5,2026-03-30,1,-0.0371,-0.04381855,-0.0371,0.006678550000000001,4e-05,-2.9094777049999947,4997.090522295
tf_1h_ema_cross_atr_trail_atr5,2026-03-31,3,-0.055460000000002035,-0.07567489000000205,-0.055460000000002035,0.020094890000000004,0.00012000000000000002,-2.9851525949999966,4997.014847405
tf_1h_vol_compression_breakout_atr3,2026-01-01,1,-0.054530000000000294,-0.06333693500000029,-0.054530000000000294,0.008766935,4e-05,-0.06333693500000029,4999.936663065
tf_1h_vol_compression_breakout_atr3,2026-01-05,1,-0.054580000000000295,-0.0639284100000003,-0.054580000000000295,0.009308410000000001,4e-05,-0.12726534500000058,4999.872734655
tf_1h_vol_compression_breakout_atr3,2026-01-06,1,-0.10111999999999971,-0.1105753599999997,-0.10111999999999971,0.00941536,4e-05,-0.2378407050000003,4999.762159295
tf_1h_vol_compression_breakout_atr3,2026-01-07,1,-0.13658000000000028,-0.1459647100000003,-0.13658000000000028,0.009344709999999999,4e-05,-0.3838054150000006,4999.616194585
tf_1h_vol_compression_breakout_atr3,2026-01-23,1,-0.36970000000000003,-0.37872991,-0.36970000000000003,0.008989910000000002,4e-05,-0.7625353250000007,4999.237464675
tf_1h_vol_compression_breakout_atr3,2026-01-26,1,-0.08198999999999942,-0.09088999499999942,-0.08198999999999942,0.008859995,4e-05,-0.85342532,4999.14657468
tf_1h_vol_compression_breakout_atr3,2026-01-28,1,-0.056290000000000874,-0.06497636500000087,-0.056290000000000874,0.008646365000000001,4e-05,-0.9184016850000009,4999.081598315
tf_1h_vol_compression_breakout_atr3,2026-02-10,1,-0.10451999999999971,-0.1116154699999997,-0.10451999999999971,0.007055470000000001,4e-05,-1.0300171550000006,4998.969982845
tf_1h_vol_compression_breakout_atr3,2026-02-13,1,-0.18375,-0.19046473500000002,-0.18375,0.006674735000000001,4e-05,-1.2204818900000007,4998.77951811
tf_1h_vol_compression_breakout_atr3,2026-02-14,1,-0.0871800000000003,-0.09410359000000029,-0.0871800000000003,0.006883590000000001,4e-05,-1.314585480000001,4998.68541452
tf_1h_vol_compression_breakout_atr3,2026-02-18,1,0.01626999999999971,0.009416654999999708,0.01626999999999971,0.006813345,4e-05,-1.3051688250000013,4998.694831175
tf_1h_vol_compression_breakout_atr3,2026-02-20,1,0.010909999999999127,0.004171514999999127,0.010909999999999127,0.006698485,4e-05,-1.300997310000002,4998.69900269
tf_1h_vol_compression_breakout_atr3,2026-02-21,1,-0.00913000000000029,-0.015943255000000288,-0.00913000000000029,0.006773255,4e-05,-1.3169405650000023,4998.683059435
tf_1h_vol_compression_breakout_atr3,2026-02-22,1,-0.08948999999999942,-0.09629627499999942,-0.08948999999999942,0.006766275,4e-05,-1.4132368400000017,4998.58676316
tf_1h_vol_compression_breakout_atr3,2026-02-23,1,-0.13353999999999944,-0.14021241999999945,-0.13353999999999944,0.00663242,4e-05,-1.5534492600000012,4998.44655074
tf_1h_vol_compression_breakout_atr3,2026-02-26,1,0.07800999999999914,0.07116476499999914,0.07800999999999914,0.006805235,4e-05,-1.482284495000002,4998.517715505
tf_1h_vol_compression_breakout_atr3,2026-02-27,1,-0.07966000000000059,-0.0864973300000006,-0.07966000000000059,0.006797330000000001,4e-05,-1.5687818250000027,4998.431218175
tf_1h_vol_compression_breakout_atr3,2026-03-05,1,-0.02435,-0.031599915,-0.02435,0.007209915,4e-05,-1.6003817400000027,4998.39961826
tf_1h_vol_compression_breakout_atr3,2026-03-18,1,-0.10151999999999971,-0.1088661699999997,-0.10151999999999971,0.007306170000000002,4e-05,-1.7092479100000024,4998.29075209
tf_1h_vol_compression_breakout_atr3,2026-03-20,1,0.1414699999999997,0.1342788549999997,0.1414699999999997,0.007151145,4e-05,-1.5749690550000026,4998.425030945
tf_1h_vol_compression_breakout_atr3,2026-03-23,1,0.00795,0.0010485350000000015,0.00795,0.006861464999999999,4e-05,-1.5739205200000026,4998.42607948
tf_1h_vol_compression_breakout_atr3,2026-03-24,1,-0.006500000000000001,-0.013535590000000002,-0.006500000000000001,0.00699559,4e-05,-1.5874561100000026,4998.41254389
tf_1h_vol_compression_breakout_atr3,2026-03-25,1,-0.20737999999999884,-0.21444479999999885,-0.20737999999999884,0.0070248,4e-05,-1.8019009100000014,4998.19809909
tf_1h_vol_compression_breakout_atr3,2026-03-26,1,-0.16742999999999886,-0.17455777499999886,-0.16742999999999886,0.007087775000000001,4e-05,-1.9764586850000003,4998.023541315
tf_1h_vol_compression_breakout_atr3,2026-03-27,2,-0.2500600000000006,-0.2640599700000006,-0.2500600000000006,0.01391997,8e-05,-2.240518655000001,4997.759481345
tf_1h_vol_compression_breakout_atr3,2026-03-30,1,-0.069,-0.07568044,-0.069,0.00664044,4e-05,-2.316199095000001,4997.683800905
tf_1h_vol_compression_breakout_atr3,2026-03-31,1,-0.05663999999999942,-0.06334877999999942,-0.05663999999999942,0.006668780000000001,4e-05,-2.3795478750000005,4997.620452125
tf_1h_vol_compression_breakout_atr4,2026-01-01,1,-0.054530000000000294,-0.06333693500000029,-0.054530000000000294,0.008766935,4e-05,-0.06333693500000029,4999.936663065
tf_1h_vol_compression_breakout_atr4,2026-01-05,1,-0.054580000000000295,-0.0639284100000003,-0.054580000000000295,0.009308410000000001,4e-05,-0.12726534500000058,4999.872734655
tf_1h_vol_compression_breakout_atr4,2026-01-07,1,-0.1895,-0.19891117000000003,-0.1895,0.00937117,4e-05,-0.3261765150000006,4999.673823485
tf_1h_vol_compression_breakout_atr4,2026-01-09,1,0.00921999999999971,-7.093000000029162e-05,0.00921999999999971,0.009250930000000001,4e-05,-0.3262474450000009,4999.673752555
tf_1h_vol_compression_breakout_atr4,2026-01-23,1,-0.36970000000000003,-0.37872991,-0.36970000000000003,0.008989910000000002,4e-05,-0.7049773550000009,4999.295022645
tf_1h_vol_compression_breakout_atr4,2026-01-26,1,-0.08198999999999942,-0.09088999499999942,-0.08198999999999942,0.008859995,4e-05,-0.7958673500000003,4999.20413265
tf_1h_vol_compression_breakout_atr4,2026-01-28,1,-0.4996600000000006,-0.5085680500000006,-0.4996600000000006,0.00886805,4e-05,-1.304435400000001,4998.6955646
tf_1h_vol_compression_breakout_atr4,2026-02-10,1,-0.10451999999999971,-0.1116154699999997,-0.10451999999999971,0.007055470000000001,4e-05,-1.4160508700000005,4998.58394913
tf_1h_vol_compression_breakout_atr4,2026-02-13,1,-0.18375,-0.19046473500000002,-0.18375,0.006674735000000001,4e-05,-1.6065156050000007,4998.393484395
tf_1h_vol_compression_breakout_atr4,2026-02-14,1,-0.0871800000000003,-0.09410359000000029,-0.0871800000000003,0.006883590000000001,4e-05,-1.700619195000001,4998.299380805
tf_1h_vol_compression_breakout_atr4,2026-02-18,1,0.01626999999999971,0.009416654999999708,0.01626999999999971,0.006813345,4e-05,-1.6912025400000013,4998.30879746
tf_1h_vol_compression_breakout_atr4,2026-02-20,1,0.008589999999999418,0.0018503549999994168,0.008589999999999418,0.006699645000000001,4e-05,-1.6893521850000017,4998.310647815
tf_1h_vol_compression_breakout_atr4,2026-02-21,1,0.002010000000000582,-0.004808824999999418,0.002010000000000582,0.0067788250000000005,4e-05,-1.6941610100000013,4998.30583899
tf_1h_vol_compression_breakout_atr4,2026-02-22,1,-0.08133000000000029,-0.08813219500000029,-0.08133000000000029,0.006762195,4e-05,-1.7822932050000015,4998.217706795
tf_1h_vol_compression_breakout_atr4,2026-02-23,1,-0.16471999999999973,-0.17140800999999975,-0.16471999999999973,0.00664801,4e-05,-1.9537012150000013,4998.046298785
tf_1h_vol_compression_breakout_atr4,2026-02-26,1,0.08085,0.07400334500000001,0.08085,0.006806655000000001,4e-05,-1.8796978700000013,4998.12030213
tf_1h_vol_compression_breakout_atr4,2026-02-27,1,-0.07966000000000059,-0.0864973300000006,-0.07966000000000059,0.006797330000000001,4e-05,-1.9661952000000018,4998.0338048
tf_1h_vol_compression_breakout_atr4,2026-03-05,1,-0.02435,-0.031599915,-0.02435,0.007209915,4e-05,-1.9977951150000017,4998.002204885
tf_1h_vol_compression_breakout_atr4,2026-03-18,1,-0.10151999999999971,-0.1088661699999997,-0.10151999999999971,0.007306170000000002,4e-05,-2.1066612850000017,4997.893338715
tf_1h_vol_compression_breakout_atr4,2026-03-20,1,0.1414699999999997,0.1342788549999997,0.1414699999999997,0.007151145,4e-05,-1.972382430000002,4998.02761757
tf_1h_vol_compression_breakout_atr4,2026-03-23,1,0.00795,0.0010485350000000015,0.00795,0.006861464999999999,4e-05,-1.971333895000002,4998.028666105
tf_1h_vol_compression_breakout_atr4,2026-03-24,1,-0.006500000000000001,-0.013535590000000002,-0.006500000000000001,0.00699559,4e-05,-1.984869485000002,4998.015130515
tf_1h_vol_compression_breakout_atr4,2026-03-25,1,-0.2503799999999988,-0.2574662999999988,-0.2503799999999988,0.007046300000000001,4e-05,-2.2423357850000007,4997.757664215
tf_1h_vol_compression_breakout_atr4,2026-03-27,2,-0.38093999999999945,-0.3948745299999994,-0.38093999999999945,0.01385453,8e-05,-2.637210315,4997.362789685
tf_1h_vol_compression_breakout_atr4,2026-03-30,1,-0.069,-0.07568044,-0.069,0.00664044,4e-05,-2.712890755,4997.287109245
tf_1h_vol_compression_breakout_atr4,2026-03-31,1,-0.05663999999999942,-0.06334877999999942,-0.05663999999999942,0.006668780000000001,4e-05,-2.7762395349999993,4997.223760465
tf_1h_vol_compression_breakout_atr5,2026-01-01,1,-0.054530000000000294,-0.06333693500000029,-0.054530000000000294,0.008766935,4e-05,-0.06333693500000029,4999.936663065
tf_1h_vol_compression_breakout_atr5,2026-01-05,1,-0.054580000000000295,-0.0639284100000003,-0.054580000000000295,0.009308410000000001,4e-05,-0.12726534500000058,4999.872734655
tf_1h_vol_compression_breakout_atr5,2026-01-07,1,-0.1895,-0.19891117000000003,-0.1895,0.00937117,4e-05,-0.3261765150000006,4999.673823485
tf_1h_vol_compression_breakout_atr5,2026-01-09,1,0.00921999999999971,-7.093000000029162e-05,0.00921999999999971,0.009250930000000001,4e-05,-0.3262474450000009,4999.673752555
tf_1h_vol_compression_breakout_atr5,2026-01-23,1,-0.36970000000000003,-0.37872991,-0.36970000000000003,0.008989910000000002,4e-05,-0.7049773550000009,4999.295022645
tf_1h_vol_compression_breakout_atr5,2026-01-26,1,-0.08198999999999942,-0.09088999499999942,-0.08198999999999942,0.008859995,4e-05,-0.7958673500000003,4999.20413265
tf_1h_vol_compression_breakout_atr5,2026-01-28,1,-0.4996600000000006,-0.5085680500000006,-0.4996600000000006,0.00886805,4e-05,-1.304435400000001,4998.6955646
tf_1h_vol_compression_breakout_atr5,2026-02-10,1,-0.10451999999999971,-0.1116154699999997,-0.10451999999999971,0.007055470000000001,4e-05,-1.4160508700000005,4998.58394913
tf_1h_vol_compression_breakout_atr5,2026-02-13,1,-0.18375,-0.19046473500000002,-0.18375,0.006674735000000001,4e-05,-1.6065156050000007,4998.393484395
tf_1h_vol_compression_breakout_atr5,2026-02-14,1,-0.0871800000000003,-0.09410359000000029,-0.0871800000000003,0.006883590000000001,4e-05,-1.700619195000001,4998.299380805
tf_1h_vol_compression_breakout_atr5,2026-02-18,1,0.01626999999999971,0.009416654999999708,0.01626999999999971,0.006813345,4e-05,-1.6912025400000013,4998.30879746
tf_1h_vol_compression_breakout_atr5,2026-02-20,1,0.008589999999999418,0.0018503549999994168,0.008589999999999418,0.006699645000000001,4e-05,-1.6893521850000017,4998.310647815
tf_1h_vol_compression_breakout_atr5,2026-02-21,1,0.0149,0.00807473,0.0149,0.00678527,4e-05,-1.6812774550000018,4998.318722545
tf_1h_vol_compression_breakout_atr5,2026-02-23,1,-0.11168999999999943,-0.11850737499999943,-0.11168999999999943,0.006777375,4e-05,-1.7997848300000012,4998.20021517
tf_1h_vol_compression_breakout_atr5,2026-02-25,1,0.04896999999999971,0.04238883499999971,0.04896999999999971,0.0065411650000000016,4e-05,-1.7573959950000015,4998.242604005
tf_1h_vol_compression_breakout_atr5,2026-02-27,2,-0.03869000000000088,-0.05235404500000088,-0.03869000000000088,0.013584045000000001,8e-05,-1.8097500400000024,4998.19024996
tf_1h_vol_compression_breakout_atr5,2026-03-05,1,-0.02435,-0.031599915,-0.02435,0.007209915,4e-05,-1.8413499550000023,4998.158650045
tf_1h_vol_compression_breakout_atr5,2026-03-18,1,-0.10151999999999971,-0.1088661699999997,-0.10151999999999971,0.007306170000000002,4e-05,-1.950216125000002,4998.049783875
tf_1h_vol_compression_breakout_atr5,2026-03-20,1,0.1414699999999997,0.1342788549999997,0.1414699999999997,0.007151145,4e-05,-1.8159372700000025,4998.18406273
tf_1h_vol_compression_breakout_atr5,2026-03-23,1,0.00795,0.0010485350000000015,0.00795,0.006861464999999999,4e-05,-1.8148887350000025,4998.185111265
tf_1h_vol_compression_breakout_atr5,2026-03-24,1,-0.006500000000000001,-0.013535590000000002,-0.006500000000000001,0.00699559,4e-05,-1.8284243250000025,4998.171575675
tf_1h_vol_compression_breakout_atr5,2026-03-25,1,-0.2503799999999988,-0.2574662999999988,-0.2503799999999988,0.007046300000000001,4e-05,-2.085890625000001,4997.914109375
tf_1h_vol_compression_breakout_atr5,2026-03-27,2,-0.38093999999999945,-0.3948745299999994,-0.38093999999999945,0.01385453,8e-05,-2.4807651550000007,4997.519234845
tf_1h_vol_compression_breakout_atr5,2026-03-30,1,-0.069,-0.07568044,-0.069,0.00664044,4e-05,-2.5564455950000005,4997.443554405
tf_1h_vol_compression_breakout_atr5,2026-03-31,1,-0.05663999999999942,-0.06334877999999942,-0.05663999999999942,0.006668780000000001,4e-05,-2.619794375,4997.380205625
tf_4h_donchian_20_10_atr3,2026-01-08,1,0.1628100000000006,0.15350859500000058,0.1628100000000006,0.009261405,4e-05,0.15350859500000058,5000.153508595
tf_4h_donchian_20_10_atr3,2026-01-19,1,0.13446999999999973,0.1251141949999997,0.13446999999999973,0.009315805000000002,4e-05,0.2786227900000003,5000.27862279
tf_4h_donchian_20_10_atr3,2026-01-28,1,0.07698999999999942,0.06789162499999941,0.07698999999999942,0.009058375000000002,4e-05,0.3465144149999997,5000.346514415
tf_4h_donchian_20_10_atr3,2026-02-09,1,1.4390899999999995,1.4312650749999996,1.4390899999999995,0.007784925,4e-05,1.7777794899999992,5001.77777949
tf_4h_donchian_20_10_atr3,2026-02-14,1,-0.4338199999999997,-0.4406430899999997,-0.4338199999999997,0.00678309,4e-05,1.3371363999999994,5001.3371364
tf_4h_donchian_20_10_atr3,2026-02-20,1,-0.1451100000000006,-0.1519264950000006,-0.1451100000000006,0.006776495,4e-05,1.185209904999999,5001.185209905
tf_4h_donchian_20_10_atr3,2026-02-26,1,-0.33365,-0.340449095,-0.33365,0.0067590950000000006,4e-05,0.844760809999999,5000.84476081
tf_4h_donchian_20_10_atr3,2026-03-06,1,-0.1658300000000003,-0.1728867450000003,-0.1658300000000003,0.0070167450000000004,4e-05,0.6718740649999987,5000.671874065
tf_4h_donchian_20_10_atr3,2026-03-10,1,-0.15399000000000088,-0.1608345650000009,-0.15399000000000088,0.006804565,4e-05,0.5110394999999978,5000.5110395
tf_4h_donchian_20_10_atr3,2026-03-24,1,-0.08788999999999943,-0.09499675499999942,-0.08788999999999943,0.007066755000000001,4e-05,0.4160427449999983,5000.416042745
tf_4h_donchian_20_10_atr3,2026-03-30,1,-0.12616000000000058,-0.13292308000000058,-0.12616000000000058,0.00672308,4e-05,0.28311966499999774,5000.283119665
tf_4h_donchian_20_10_atr4,2026-01-08,1,0.1628100000000006,0.15350859500000058,0.1628100000000006,0.009261405,4e-05,0.15350859500000058,5000.153508595
tf_4h_donchian_20_10_atr4,2026-01-19,1,0.13446999999999973,0.1251141949999997,0.13446999999999973,0.009315805000000002,4e-05,0.2786227900000003,5000.27862279
tf_4h_donchian_20_10_atr4,2026-01-28,1,0.07698999999999942,0.06789162499999941,0.07698999999999942,0.009058375000000002,4e-05,0.3465144149999997,5000.346514415
tf_4h_donchian_20_10_atr4,2026-02-10,1,1.2661800000000003,1.2582686200000002,1.2661800000000003,0.00787138,4e-05,1.6047830349999999,5001.604783035
tf_4h_donchian_20_10_atr4,2026-02-14,1,-0.4338199999999997,-0.4406430899999997,-0.4338199999999997,0.00678309,4e-05,1.164139945,5001.164139945
tf_4h_donchian_20_10_atr4,2026-02-20,1,-0.1451100000000006,-0.1519264950000006,-0.1451100000000006,0.006776495,4e-05,1.0122134499999995,5001.01221345
tf_4h_donchian_20_10_atr4,2026-02-26,1,-0.33365,-0.340449095,-0.33365,0.0067590950000000006,4e-05,0.6717643549999996,5000.671764355
tf_4h_donchian_20_10_atr4,2026-03-06,1,-0.1658300000000003,-0.1728867450000003,-0.1658300000000003,0.0070167450000000004,4e-05,0.4988776099999993,5000.49887761
tf_4h_donchian_20_10_atr4,2026-03-10,1,-0.15399000000000088,-0.1608345650000009,-0.15399000000000088,0.006804565,4e-05,0.3380430449999984,5000.338043045
tf_4h_donchian_20_10_atr4,2026-03-25,1,-0.14867999999999884,-0.15581714999999885,-0.14867999999999884,0.00709715,4e-05,0.18222589499999953,5000.182225895
tf_4h_donchian_20_10_atr4,2026-03-30,1,-0.12616000000000058,-0.13292308000000058,-0.12616000000000058,0.00672308,4e-05,0.049302814999998945,5000.049302815
tf_4h_donchian_20_10_atr5,2026-01-08,1,0.1628100000000006,0.15350859500000058,0.1628100000000006,0.009261405,4e-05,0.15350859500000058,5000.153508595
tf_4h_donchian_20_10_atr5,2026-01-19,1,0.13446999999999973,0.1251141949999997,0.13446999999999973,0.009315805000000002,4e-05,0.2786227900000003,5000.27862279
tf_4h_donchian_20_10_atr5,2026-01-28,1,0.07698999999999942,0.06789162499999941,0.07698999999999942,0.009058375000000002,4e-05,0.3465144149999997,5000.346514415
tf_4h_donchian_20_10_atr5,2026-02-14,1,1.5044699999999998,1.4966777649999996,1.5044699999999998,0.007752235,4e-05,1.8431921799999993,5001.84319218
tf_4h_donchian_20_10_atr5,2026-02-20,1,-0.1451100000000006,-0.1519264950000006,-0.1451100000000006,0.006776495,4e-05,1.6912656849999987,5001.691265685
tf_4h_donchian_20_10_atr5,2026-02-26,1,-0.33365,-0.340449095,-0.33365,0.0067590950000000006,4e-05,1.3508165899999987,5001.35081659
tf_4h_donchian_20_10_atr5,2026-03-06,1,-0.1658300000000003,-0.1728867450000003,-0.1658300000000003,0.0070167450000000004,4e-05,1.1779298449999984,5001.177929845
tf_4h_donchian_20_10_atr5,2026-03-10,1,-0.15399000000000088,-0.1608345650000009,-0.15399000000000088,0.006804565,4e-05,1.0170952799999975,5001.01709528
tf_4h_donchian_20_10_atr5,2026-03-25,1,-0.14867999999999884,-0.15581714999999885,-0.14867999999999884,0.00709715,4e-05,0.8612781299999986,5000.86127813
tf_4h_donchian_20_10_atr5,2026-03-30,1,-0.12616000000000058,-0.13292308000000058,-0.12616000000000058,0.00672308,4e-05,0.728355049999998,5000.72835505
tf_4h_donchian_20_with_risk_filters_atr3,2026-01-08,1,0.029420000000001164,0.020051900000001163,0.029420000000001164,0.0093281,4e-05,0.020051900000001163,5000.0200519
tf_4h_donchian_20_with_risk_filters_atr3,2026-01-28,1,0.07698999999999942,0.06789162499999941,0.07698999999999942,0.009058375000000002,4e-05,0.08794352500000058,5000.087943525
tf_4h_donchian_20_with_risk_filters_atr3,2026-02-09,1,1.4390899999999995,1.4312650749999996,1.4390899999999995,0.007784925,4e-05,1.5192086000000002,5001.5192086
tf_4h_donchian_20_with_risk_filters_atr3,2026-03-06,1,-0.4220800000000003,-0.4292648700000003,-0.4220800000000003,0.007144870000000001,4e-05,1.0899437299999997,5001.08994373
tf_4h_donchian_20_with_risk_filters_atr3,2026-03-24,1,-0.08788999999999943,-0.09499675499999942,-0.08788999999999943,0.007066755000000001,4e-05,0.9949469750000003,5000.994946975
tf_4h_donchian_20_with_risk_filters_atr4,2026-01-08,1,0.029420000000001164,0.020051900000001163,0.029420000000001164,0.0093281,4e-05,0.020051900000001163,5000.0200519
tf_4h_donchian_20_with_risk_filters_atr4,2026-01-28,1,0.07698999999999942,0.06789162499999941,0.07698999999999942,0.009058375000000002,4e-05,0.08794352500000058,5000.087943525
tf_4h_donchian_20_with_risk_filters_atr4,2026-02-10,1,1.2661800000000003,1.2582686200000002,1.2661800000000003,0.00787138,4e-05,1.3462121450000009,5001.346212145
tf_4h_donchian_20_with_risk_filters_atr4,2026-03-06,1,-0.4220800000000003,-0.4292648700000003,-0.4220800000000003,0.007144870000000001,4e-05,0.9169472750000003,5000.916947275
tf_4h_donchian_20_with_risk_filters_atr4,2026-03-25,1,-0.14867999999999884,-0.15581714999999885,-0.14867999999999884,0.00709715,4e-05,0.7611301250000015,5000.761130125
tf_4h_donchian_20_with_risk_filters_atr5,2026-01-08,1,0.029420000000001164,0.020051900000001163,0.029420000000001164,0.0093281,4e-05,0.020051900000001163,5000.0200519
tf_4h_donchian_20_with_risk_filters_atr5,2026-01-28,1,0.07698999999999942,0.06789162499999941,0.07698999999999942,0.009058375000000002,4e-05,0.08794352500000058,5000.087943525
tf_4h_donchian_20_with_risk_filters_atr5,2026-02-14,1,1.5044699999999998,1.4966777649999996,1.5044699999999998,0.007752235,4e-05,1.5846212900000003,5001.58462129
tf_4h_donchian_20_with_risk_filters_atr5,2026-03-06,1,-0.4220800000000003,-0.4292648700000003,-0.4220800000000003,0.007144870000000001,4e-05,1.1553564199999997,5001.15535642
tf_4h_donchian_20_with_risk_filters_atr5,2026-03-25,1,-0.14867999999999884,-0.15581714999999885,-0.14867999999999884,0.00709715,4e-05,0.999539270000001,5000.99953927
tf_4h_ema_cross_atr_trail_atr3,2026-01-02,1,-0.16578999999999944,-0.17471119499999946,-0.16578999999999944,0.008881195000000001,4e-05,-0.17471119499999946,4999.825288805
tf_4h_ema_cross_atr_trail_atr3,2026-01-08,2,-0.07174999999999855,-0.09033728499999856,-0.07174999999999855,0.018507285000000002,8e-05,-0.26504847999999803,4999.73495152
tf_4h_ema_cross_atr_trail_atr3,2026-01-10,1,0.02988999999999942,0.02066305499999942,0.02988999999999942,0.009186945000000002,4e-05,-0.2443854249999986,4999.755614575
tf_4h_ema_cross_atr_trail_atr3,2026-01-11,1,-0.06838000000000029,-0.07762339000000029,-0.06838000000000029,0.00920339,4e-05,-0.3220088149999989,4999.677991185
tf_4h_ema_cross_atr_trail_atr3,2026-01-12,1,-0.15196999999999972,-0.16115264499999973,-0.15196999999999972,0.009142645000000001,4e-05,-0.4831614599999986,4999.51683854
tf_4h_ema_cross_atr_trail_atr3,2026-01-19,1,0.15353999999999943,0.1441937299999994,0.15353999999999943,0.00930627,4e-05,-0.33896772999999925,4999.66103227
tf_4h_ema_cross_atr_trail_atr3,2026-01-28,1,-0.044880000000000295,-0.053917440000000295,-0.044880000000000295,0.00899744,4e-05,-0.3928851699999995,4999.60711483
tf_4h_ema_cross_atr_trail_atr3,2026-02-09,1,1.8626500000000001,1.854613295,1.8626500000000001,0.007996705,4e-05,1.4617281250000005,5001.461728125
tf_4h_ema_cross_atr_trail_atr3,2026-02-14,1,0.13083999999999943,0.12373457999999943,0.13083999999999943,0.007065419999999999,4e-05,1.5854627049999999,5001.585462705
tf_4h_ema_cross_atr_trail_atr3,2026-02-15,2,-0.07606999999999972,-0.09013303499999972,-0.07606999999999972,0.013983035000000001,8e-05,1.4953296700000003,5001.49532967
tf_4h_ema_cross_atr_trail_atr3,2026-02-20,1,0.046,0.03908795,0.046,0.00687205,4e-05,1.5344176200000001,5001.53441762
tf_4h_ema_cross_atr_trail_atr3,2026-02-21,1,0.02003000000000029,0.01312944500000029,0.02003000000000029,0.006860555,4e-05,1.5475470650000005,5001.547547065
tf_4h_ema_cross_atr_trail_atr3,2026-02-22,1,-0.08950000000000001,-0.09637704000000001,-0.08950000000000001,0.00683704,4e-05,1.4511700250000006,5001.451170025
tf_4h_ema_cross_atr_trail_atr3,2026-02-26,1,-0.19258999999999943,-0.19945962499999945,-0.19258999999999943,0.006829625000000001,4e-05,1.251710400000001,5001.2517104
tf_4h_ema_cross_atr_trail_atr3,2026-03-01,1,-0.04015999999999913,-0.046924109999999124,-0.04015999999999913,0.00672411,4e-05,1.204786290000002,5001.20478629
tf_4h_ema_cross_atr_trail_atr3,2026-03-02,1,-0.09203999999999943,-0.09872904999999943,-0.09203999999999943,0.006649050000000001,4e-05,1.1060572400000024,5001.10605724
tf_4h_ema_cross_atr_trail_atr3,2026-03-03,1,-0.3038900000000009,-0.3106962350000009,-0.3038900000000009,0.006766235,4e-05,0.7953610050000016,5000.795361005
tf_4h_ema_cross_atr_trail_atr3,2026-03-09,1,0.034869999999999714,0.027989434999999716,0.034869999999999714,0.006840565000000001,4e-05,0.8233504400000013,5000.82335044
tf_4h_ema_cross_atr_trail_atr3,2026-03-10,1,-0.0884,-0.09522945000000001,-0.0884,0.006789450000000001,4e-05,0.7281209900000013,5000.72812099
tf_4h_ema_cross_atr_trail_atr3,2026-03-19,1,-0.26866999999999974,-0.27597433499999974,-0.26866999999999974,0.007264335000000001,4e-05,0.4521466550000016,5000.452146655
tf_4h_ema_cross_atr_trail_atr3,2026-03-24,1,-0.13501999999999972,-0.14206743999999974,-0.13501999999999972,0.007007440000000001,4e-05,0.3100792150000019,5000.310079215
tf_4h_ema_cross_atr_trail_atr3,2026-03-25,1,-0.0811,-0.08816908000000001,-0.0811,0.007029080000000001,4e-05,0.22191013500000187,5000.221910135
tf_4h_ema_cross_atr_trail_atr3,2026-03-27,1,0.13979000000000089,0.13283241500000087,0.13979000000000089,0.006917585000000001,4e-05,0.35474255000000277,5000.35474255
tf_4h_ema_cross_atr_trail_atr3,2026-03-31,1,-0.010410000000000582,-0.01711520500000058,-0.010410000000000582,0.0066652050000000004,4e-05,0.33762734500000213,5000.337627345
tf_4h_ema_cross_atr_trail_atr4,2026-01-02,1,-0.16578999999999944,-0.17471119499999946,-0.16578999999999944,0.008881195000000001,4e-05,-0.17471119499999946,4999.825288805
tf_4h_ema_cross_atr_trail_atr4,2026-01-08,2,-0.07174999999999855,-0.09033728499999856,-0.07174999999999855,0.018507285000000002,8e-05,-0.26504847999999803,4999.73495152
tf_4h_ema_cross_atr_trail_atr4,2026-01-10,1,0.02988999999999942,0.02066305499999942,0.02988999999999942,0.009186945000000002,4e-05,-0.2443854249999986,4999.755614575
tf_4h_ema_cross_atr_trail_atr4,2026-01-11,1,-0.06838000000000029,-0.07762339000000029,-0.06838000000000029,0.00920339,4e-05,-0.3220088149999989,4999.677991185
tf_4h_ema_cross_atr_trail_atr4,2026-01-12,1,-0.15196999999999972,-0.16115264499999973,-0.15196999999999972,0.009142645000000001,4e-05,-0.4831614599999986,4999.51683854
tf_4h_ema_cross_atr_trail_atr4,2026-01-19,1,0.15353999999999943,0.1441937299999994,0.15353999999999943,0.00930627,4e-05,-0.33896772999999925,4999.66103227
tf_4h_ema_cross_atr_trail_atr4,2026-01-28,1,-0.044880000000000295,-0.053917440000000295,-0.044880000000000295,0.00899744,4e-05,-0.3928851699999995,4999.60711483
tf_4h_ema_cross_atr_trail_atr4,2026-02-10,1,1.689740000000001,1.681616840000001,1.689740000000001,0.00808316,4e-05,1.2887316700000013,5001.28873167
tf_4h_ema_cross_atr_trail_atr4,2026-02-14,1,0.10700000000000001,0.09990650000000001,0.10700000000000001,0.0070535,4e-05,1.3886381700000014,5001.38863817
tf_4h_ema_cross_atr_trail_atr4,2026-02-15,2,-0.07606999999999972,-0.09013303499999972,-0.07606999999999972,0.013983035000000001,8e-05,1.2985051350000016,5001.298505135
tf_4h_ema_cross_atr_trail_atr4,2026-02-20,1,0.046,0.03908795,0.046,0.00687205,4e-05,1.3375930850000015,5001.337593085
tf_4h_ema_cross_atr_trail_atr4,2026-02-21,1,0.02003000000000029,0.01312944500000029,0.02003000000000029,0.006860555,4e-05,1.3507225300000019,5001.35072253
tf_4h_ema_cross_atr_trail_atr4,2026-02-22,1,-0.08950000000000001,-0.09637704000000001,-0.08950000000000001,0.00683704,4e-05,1.254345490000002,5001.25434549
tf_4h_ema_cross_atr_trail_atr4,2026-02-26,1,-0.19258999999999943,-0.19945962499999945,-0.19258999999999943,0.006829625000000001,4e-05,1.0548858650000024,5001.054885865
tf_4h_ema_cross_atr_trail_atr4,2026-03-01,1,-0.04015999999999913,-0.046924109999999124,-0.04015999999999913,0.00672411,4e-05,1.0079617550000033,5001.007961755
tf_4h_ema_cross_atr_trail_atr4,2026-03-02,1,-0.09203999999999943,-0.09872904999999943,-0.09203999999999943,0.006649050000000001,4e-05,0.9092327050000039,5000.909232705
tf_4h_ema_cross_atr_trail_atr4,2026-03-03,1,-0.3038900000000009,-0.3106962350000009,-0.3038900000000009,0.006766235,4e-05,0.598536470000003,5000.59853647
tf_4h_ema_cross_atr_trail_atr4,2026-03-09,1,0.034869999999999714,0.027989434999999716,0.034869999999999714,0.006840565000000001,4e-05,0.6265259050000027,5000.626525905
tf_4h_ema_cross_atr_trail_atr4,2026-03-10,1,-0.0884,-0.09522945000000001,-0.0884,0.006789450000000001,4e-05,0.5312964550000027,5000.531296455
tf_4h_ema_cross_atr_trail_atr4,2026-03-19,1,-0.26866999999999974,-0.27597433499999974,-0.26866999999999974,0.007264335000000001,4e-05,0.255322120000003,5000.25532212
tf_4h_ema_cross_atr_trail_atr4,2026-03-24,1,-0.13501999999999972,-0.14206743999999974,-0.13501999999999972,0.007007440000000001,4e-05,0.11325468000000324,5000.11325468
tf_4h_ema_cross_atr_trail_atr4,2026-03-25,1,-0.0811,-0.08816908000000001,-0.0811,0.007029080000000001,4e-05,0.025085600000003233,5000.0250856
tf_4h_ema_cross_atr_trail_atr4,2026-03-27,1,0.13979000000000089,0.13283241500000087,0.13979000000000089,0.006917585000000001,4e-05,0.1579180150000041,5000.157918015
tf_4h_ema_cross_atr_trail_atr4,2026-03-31,1,-0.010410000000000582,-0.01711520500000058,-0.010410000000000582,0.0066652050000000004,4e-05,0.14080281000000353,5000.14080281
tf_4h_ema_cross_atr_trail_atr5,2026-01-02,1,-0.16578999999999944,-0.17471119499999946,-0.16578999999999944,0.008881195000000001,4e-05,-0.17471119499999946,4999.825288805
tf_4h_ema_cross_atr_trail_atr5,2026-01-08,2,-0.07174999999999855,-0.09033728499999856,-0.07174999999999855,0.018507285000000002,8e-05,-0.26504847999999803,4999.73495152
tf_4h_ema_cross_atr_trail_atr5,2026-01-10,1,0.02988999999999942,0.02066305499999942,0.02988999999999942,0.009186945000000002,4e-05,-0.2443854249999986,4999.755614575
tf_4h_ema_cross_atr_trail_atr5,2026-01-11,1,-0.06838000000000029,-0.07762339000000029,-0.06838000000000029,0.00920339,4e-05,-0.3220088149999989,4999.677991185
tf_4h_ema_cross_atr_trail_atr5,2026-01-12,1,-0.15196999999999972,-0.16115264499999973,-0.15196999999999972,0.009142645000000001,4e-05,-0.4831614599999986,4999.51683854
tf_4h_ema_cross_atr_trail_atr5,2026-01-19,1,0.15353999999999943,0.1441937299999994,0.15353999999999943,0.00930627,4e-05,-0.33896772999999925,4999.66103227
tf_4h_ema_cross_atr_trail_atr5,2026-01-28,1,-0.044880000000000295,-0.053917440000000295,-0.044880000000000295,0.00899744,4e-05,-0.3928851699999995,4999.60711483
tf_4h_ema_cross_atr_trail_atr5,2026-02-14,1,1.9280300000000004,1.9200259850000003,1.9280300000000004,0.007964015000000001,4e-05,1.5271408150000008,5001.527140815
tf_4h_ema_cross_atr_trail_atr5,2026-02-15,2,-0.07606999999999972,-0.09013303499999972,-0.07606999999999972,0.013983035000000001,8e-05,1.437007780000001,5001.43700778
tf_4h_ema_cross_atr_trail_atr5,2026-02-20,1,0.046,0.03908795,0.046,0.00687205,4e-05,1.476095730000001,5001.47609573
tf_4h_ema_cross_atr_trail_atr5,2026-02-21,1,0.02003000000000029,0.01312944500000029,0.02003000000000029,0.006860555,4e-05,1.4892251750000014,5001.489225175
tf_4h_ema_cross_atr_trail_atr5,2026-02-22,1,-0.08950000000000001,-0.09637704000000001,-0.08950000000000001,0.00683704,4e-05,1.3928481350000013,5001.392848135
tf_4h_ema_cross_atr_trail_atr5,2026-02-26,1,-0.19258999999999943,-0.19945962499999945,-0.19258999999999943,0.006829625000000001,4e-05,1.193388510000002,5001.19338851
tf_4h_ema_cross_atr_trail_atr5,2026-03-01,1,-0.04015999999999913,-0.046924109999999124,-0.04015999999999913,0.00672411,4e-05,1.1464644000000028,5001.1464644
tf_4h_ema_cross_atr_trail_atr5,2026-03-02,1,-0.09203999999999943,-0.09872904999999943,-0.09203999999999943,0.006649050000000001,4e-05,1.0477353500000033,5001.04773535
tf_4h_ema_cross_atr_trail_atr5,2026-03-03,1,-0.3038900000000009,-0.3106962350000009,-0.3038900000000009,0.006766235,4e-05,0.7370391150000024,5000.737039115
tf_4h_ema_cross_atr_trail_atr5,2026-03-09,1,0.034869999999999714,0.027989434999999716,0.034869999999999714,0.006840565000000001,4e-05,0.7650285500000021,5000.76502855
tf_4h_ema_cross_atr_trail_atr5,2026-03-10,1,-0.0884,-0.09522945000000001,-0.0884,0.006789450000000001,4e-05,0.6697991000000021,5000.6697991
tf_4h_ema_cross_atr_trail_atr5,2026-03-19,1,-0.26866999999999974,-0.27597433499999974,-0.26866999999999974,0.007264335000000001,4e-05,0.3938247650000024,5000.393824765
tf_4h_ema_cross_atr_trail_atr5,2026-03-24,1,-0.13501999999999972,-0.14206743999999974,-0.13501999999999972,0.007007440000000001,4e-05,0.2517573250000027,5000.251757325
tf_4h_ema_cross_atr_trail_atr5,2026-03-25,1,-0.0811,-0.08816908000000001,-0.0811,0.007029080000000001,4e-05,0.16358824500000266,5000.163588245
tf_4h_ema_cross_atr_trail_atr5,2026-03-27,1,0.13979000000000089,0.13283241500000087,0.13979000000000089,0.006917585000000001,4e-05,0.29642066000000356,5000.29642066
tf_4h_ema_cross_atr_trail_atr5,2026-03-31,1,-0.010410000000000582,-0.01711520500000058,-0.010410000000000582,0.0066652050000000004,4e-05,0.2793054550000029,5000.279305455
